mode: set
github.com/the-loon-clan/loon-site/assets.go:42.13,43.15 1 1
github.com/the-loon-clan/loon-site/assets.go:43.15,45.3 1 0
github.com/the-loon-clan/loon-site/internal/sanitize/sanitize.go:32.29,37.16 3 1
github.com/the-loon-clan/loon-site/internal/sanitize/sanitize.go:37.16,41.3 1 0
github.com/the-loon-clan/loon-site/internal/sanitize/sanitize.go:42.2,43.26 2 1
github.com/the-loon-clan/loon-site/internal/sanitize/sanitize.go:43.26,45.3 1 1
github.com/the-loon-clan/loon-site/internal/sanitize/sanitize.go:46.2,46.20 1 1
github.com/the-loon-clan/loon-site/internal/sanitize/sanitize.go:49.56,50.16 1 1
github.com/the-loon-clan/loon-site/internal/sanitize/sanitize.go:51.21,53.9 2 1
github.com/the-loon-clan/loon-site/internal/sanitize/sanitize.go:54.24,56.60 1 1
github.com/the-loon-clan/loon-site/internal/sanitize/sanitize.go:56.60,58.4 1 1
github.com/the-loon-clan/loon-site/internal/sanitize/sanitize.go:59.3,59.35 1 1
github.com/the-loon-clan/loon-site/internal/sanitize/sanitize.go:59.35,61.55 1 1
github.com/the-loon-clan/loon-site/internal/sanitize/sanitize.go:61.55,63.5 1 1
github.com/the-loon-clan/loon-site/internal/sanitize/sanitize.go:64.4,64.10 1 1
github.com/the-loon-clan/loon-site/internal/sanitize/sanitize.go:66.3,68.28 3 1
github.com/the-loon-clan/loon-site/internal/sanitize/sanitize.go:68.28,69.61 1 1
github.com/the-loon-clan/loon-site/internal/sanitize/sanitize.go:69.61,70.13 1 1
github.com/the-loon-clan/loon-site/internal/sanitize/sanitize.go:72.4,72.62 1 1
github.com/the-loon-clan/loon-site/internal/sanitize/sanitize.go:72.62,73.13 1 1
github.com/the-loon-clan/loon-site/internal/sanitize/sanitize.go:75.4,75.71 1 1
github.com/the-loon-clan/loon-site/internal/sanitize/sanitize.go:78.3,78.79 1 1
github.com/the-loon-clan/loon-site/internal/sanitize/sanitize.go:78.79,81.4 2 1
github.com/the-loon-clan/loon-site/internal/sanitize/sanitize.go:82.3,83.54 2 1
github.com/the-loon-clan/loon-site/internal/sanitize/sanitize.go:83.54,85.4 1 1
github.com/the-loon-clan/loon-site/internal/sanitize/sanitize.go:86.3,86.38 1 1
github.com/the-loon-clan/loon-site/internal/sanitize/sanitize.go:87.10,89.54 1 0
github.com/the-loon-clan/loon-site/internal/sanitize/sanitize.go:89.54,91.4 1 0
github.com/the-loon-clan/loon-site/internal/sanitize/sanitize.go:125.31,126.37 1 1
github.com/the-loon-clan/loon-site/internal/sanitize/sanitize.go:126.37,127.29 1 1
github.com/the-loon-clan/loon-site/internal/sanitize/sanitize.go:127.29,129.4 1 1
github.com/the-loon-clan/loon-site/internal/sanitize/sanitize.go:130.3,130.11 1 1
github.com/the-loon-clan/loon-site/internal/sanitize/sanitize.go:132.2,133.40 2 1
github.com/the-loon-clan/loon-site/internal/sanitize/sanitize.go:133.40,135.56 1 1
github.com/the-loon-clan/loon-site/internal/sanitize/sanitize.go:135.56,136.17 1 1
github.com/the-loon-clan/loon-site/internal/sanitize/sanitize.go:137.35,138.16 1 1
github.com/the-loon-clan/loon-site/internal/sanitize/sanitize.go:139.12,140.17 1 1
github.com/the-loon-clan/loon-site/internal/sanitize/sanitize.go:144.2,144.13 1 1
github.com/the-loon-clan/loon-site/internal/config/config.go:23.27,26.2 2 1
github.com/the-loon-clan/loon-site/internal/config/config.go:60.20,61.68 1 1
github.com/the-loon-clan/loon-site/internal/config/config.go:62.15,63.17 1 1
github.com/the-loon-clan/loon-site/internal/config/config.go:64.18,65.20 1 1
github.com/the-loon-clan/loon-site/internal/config/config.go:66.10,67.17 1 1
github.com/the-loon-clan/loon-site/internal/config/config.go:73.25,76.2 2 1
github.com/the-loon-clan/loon-site/internal/config/config.go:84.22,84.50 1 1
github.com/the-loon-clan/loon-site/internal/config/config.go:87.23,87.54 1 1
github.com/the-loon-clan/loon-site/internal/config/config.go:94.27,96.2 1 1
github.com/the-loon-clan/loon-site/internal/config/config.go:104.29,106.2 1 1
github.com/the-loon-clan/loon-site/internal/config/config.go:113.28,115.2 1 1
github.com/the-loon-clan/loon-site/internal/config/config.go:126.31,128.2 1 1
github.com/the-loon-clan/loon-site/internal/config/config.go:131.30,133.2 1 1
github.com/the-loon-clan/loon-site/internal/request/bind.go:41.41,43.48 2 1
github.com/the-loon-clan/loon-site/internal/request/bind.go:43.48,45.3 1 1
github.com/the-loon-clan/loon-site/internal/request/bind.go:46.2,47.33 2 1
github.com/the-loon-clan/loon-site/internal/request/bind.go:47.33,49.3 1 1
github.com/the-loon-clan/loon-site/internal/request/bind.go:50.2,50.56 1 1
github.com/the-loon-clan/loon-site/internal/request/bind.go:50.56,51.38 1 1
github.com/the-loon-clan/loon-site/internal/request/bind.go:51.38,53.4 1 1
github.com/the-loon-clan/loon-site/internal/request/bind.go:54.3,54.25 1 1
github.com/the-loon-clan/loon-site/internal/request/bind.go:55.31,56.44 1 0
github.com/the-loon-clan/loon-site/internal/request/bind.go:56.44,58.4 1 0
github.com/the-loon-clan/loon-site/internal/request/bind.go:59.3,59.27 1 0
github.com/the-loon-clan/loon-site/internal/request/bind.go:64.104,66.31 2 1
github.com/the-loon-clan/loon-site/internal/request/bind.go:66.31,68.22 2 1
github.com/the-loon-clan/loon-site/internal/request/bind.go:68.22,69.12 1 1
github.com/the-loon-clan/loon-site/internal/request/bind.go:71.3,72.11 2 1
github.com/the-loon-clan/loon-site/internal/request/bind.go:72.11,73.12 1 1
github.com/the-loon-clan/loon-site/internal/request/bind.go:75.3,77.79 2 1
github.com/the-loon-clan/loon-site/internal/request/bind.go:77.79,79.12 2 0
github.com/the-loon-clan/loon-site/internal/request/bind.go:82.3,83.11 2 1
github.com/the-loon-clan/loon-site/internal/request/bind.go:83.11,85.4 1 1
github.com/the-loon-clan/loon-site/internal/request/bind.go:86.3,86.50 1 1
github.com/the-loon-clan/loon-site/internal/request/bind.go:86.50,88.4 1 1
github.com/the-loon-clan/loon-site/internal/request/bind.go:90.2,90.12 1 1
github.com/the-loon-clan/loon-site/internal/request/bind.go:97.67,102.9 4 1
github.com/the-loon-clan/loon-site/internal/request/bind.go:103.29,104.23 1 1
github.com/the-loon-clan/loon-site/internal/request/bind.go:105.28,106.26 1 1
github.com/the-loon-clan/loon-site/internal/request/bind.go:107.10,108.35 1 1
github.com/the-loon-clan/loon-site/internal/request/bind.go:112.63,113.19 1 1
github.com/the-loon-clan/loon-site/internal/request/bind.go:114.22,115.18 1 1
github.com/the-loon-clan/loon-site/internal/request/bind.go:116.20,120.35 1 1
github.com/the-loon-clan/loon-site/internal/request/bind.go:121.34,122.14 1 1
github.com/the-loon-clan/loon-site/internal/request/bind.go:122.14,125.4 2 0
github.com/the-loon-clan/loon-site/internal/request/bind.go:126.3,127.17 2 1
github.com/the-loon-clan/loon-site/internal/request/bind.go:127.17,133.4 2 1
github.com/the-loon-clan/loon-site/internal/request/bind.go:134.3,134.15 1 1
github.com/the-loon-clan/loon-site/internal/request/bind.go:135.10,137.47 1 1
github.com/the-loon-clan/loon-site/internal/request/bind.go:139.2,139.12 1 1
github.com/the-loon-clan/loon-site/internal/request/bind.go:145.28,146.28 1 1
github.com/the-loon-clan/loon-site/internal/request/bind.go:147.32,148.14 1 1
github.com/the-loon-clan/loon-site/internal/request/bind.go:150.2,150.14 1 1
github.com/the-loon-clan/loon-site/internal/request/bind.go:162.32,165.23 3 1
github.com/the-loon-clan/loon-site/internal/request/bind.go:165.23,166.27 1 1
github.com/the-loon-clan/loon-site/internal/request/bind.go:166.27,173.41 3 1
github.com/the-loon-clan/loon-site/internal/request/bind.go:173.41,175.5 1 1
github.com/the-loon-clan/loon-site/internal/request/bind.go:176.4,177.12 2 1
github.com/the-loon-clan/loon-site/internal/request/bind.go:179.3,179.17 1 1
github.com/the-loon-clan/loon-site/internal/request/bind.go:181.2,181.19 1 1
github.com/the-loon-clan/loon-site/internal/request/bind.go:184.52,185.23 1 1
github.com/the-loon-clan/loon-site/internal/request/bind.go:185.23,186.16 1 1
github.com/the-loon-clan/loon-site/internal/request/bind.go:186.16,188.4 1 1
github.com/the-loon-clan/loon-site/internal/request/bind.go:190.2,190.14 1 1
github.com/the-loon-clan/loon-site/internal/request/request.go:49.41,50.15 1 1
github.com/the-loon-clan/loon-site/internal/request/request.go:50.15,52.3 1 1
github.com/the-loon-clan/loon-site/internal/request/request.go:53.2,53.35 1 1
github.com/the-loon-clan/loon-site/internal/request/request.go:53.35,55.3 1 1
github.com/the-loon-clan/loon-site/internal/request/request.go:59.28,59.49 1 1
github.com/the-loon-clan/loon-site/internal/request/request.go:64.47,65.26 1 1
github.com/the-loon-clan/loon-site/internal/request/request.go:65.26,66.24 1 1
github.com/the-loon-clan/loon-site/internal/request/request.go:66.24,68.4 1 1
github.com/the-loon-clan/loon-site/internal/request/request.go:70.2,71.22 2 1
github.com/the-loon-clan/loon-site/internal/request/request.go:71.22,72.29 1 1
github.com/the-loon-clan/loon-site/internal/request/request.go:72.29,74.4 1 1
github.com/the-loon-clan/loon-site/internal/request/request.go:76.2,76.16 1 1
github.com/the-loon-clan/loon-site/internal/request/request.go:89.37,89.61 1 1
github.com/the-loon-clan/loon-site/internal/request/request.go:98.59,99.17 1 1
github.com/the-loon-clan/loon-site/internal/request/request.go:99.17,102.3 2 1
github.com/the-loon-clan/loon-site/internal/request/request.go:103.2,103.13 1 1
github.com/the-loon-clan/loon-site/internal/request/request.go:112.68,113.49 1 1
github.com/the-loon-clan/loon-site/internal/request/request.go:113.49,116.3 2 1
github.com/the-loon-clan/loon-site/internal/request/request.go:117.2,117.13 1 1
github.com/the-loon-clan/loon-site/internal/request/request.go:121.68,122.49 1 1
github.com/the-loon-clan/loon-site/internal/request/request.go:122.49,125.3 2 1
github.com/the-loon-clan/loon-site/internal/request/request.go:126.2,126.13 1 1
github.com/the-loon-clan/loon-site/internal/request/request.go:134.56,135.52 1 1
github.com/the-loon-clan/loon-site/internal/request/request.go:135.52,138.3 2 1
github.com/the-loon-clan/loon-site/internal/request/request.go:139.2,139.13 1 1
github.com/the-loon-clan/loon-site/internal/request/request.go:147.75,148.28 1 1
github.com/the-loon-clan/loon-site/internal/request/request.go:148.28,149.17 1 1
github.com/the-loon-clan/loon-site/internal/request/request.go:149.17,151.4 1 1
github.com/the-loon-clan/loon-site/internal/request/request.go:153.2,154.14 2 1
github.com/the-loon-clan/loon-site/internal/request/request.go:158.55,159.12 1 1
github.com/the-loon-clan/loon-site/internal/request/request.go:159.12,162.3 2 1
github.com/the-loon-clan/loon-site/internal/request/request.go:163.2,163.13 1 1
github.com/the-loon-clan/loon-site/internal/request/request.go:169.28,169.59 1 1
github.com/the-loon-clan/loon-site/internal/markdown/markdown.go:53.39,55.58 2 1
github.com/the-loon-clan/loon-site/internal/markdown/markdown.go:55.58,60.3 1 0
github.com/the-loon-clan/loon-site/internal/markdown/markdown.go:61.2,61.51 1 1
github.com/the-loon-clan/loon-site/internal/markdown/markdown.go:76.48,78.33 2 1
github.com/the-loon-clan/loon-site/internal/markdown/markdown.go:78.33,79.21 1 1
github.com/the-loon-clan/loon-site/internal/markdown/markdown.go:79.21,81.12 2 1
github.com/the-loon-clan/loon-site/internal/markdown/markdown.go:83.3,84.14 2 1
github.com/the-loon-clan/loon-site/internal/markdown/markdown.go:84.14,85.9 1 0
github.com/the-loon-clan/loon-site/internal/markdown/markdown.go:87.3,93.42 3 1
github.com/the-loon-clan/loon-site/internal/markdown/markdown.go:93.42,96.19 3 1
github.com/the-loon-clan/loon-site/internal/markdown/markdown.go:96.19,97.10 1 0
github.com/the-loon-clan/loon-site/internal/markdown/markdown.go:99.4,100.12 2 1
github.com/the-loon-clan/loon-site/internal/markdown/markdown.go:105.3,105.28 1 1
github.com/the-loon-clan/loon-site/internal/markdown/markdown.go:105.28,107.4 1 1
github.com/the-loon-clan/loon-site/internal/markdown/markdown.go:110.2,111.61 2 1
github.com/the-loon-clan/loon-site/internal/markdown/markdown.go:118.40,119.14 1 1
github.com/the-loon-clan/loon-site/internal/markdown/markdown.go:122.47,123.14 1 1
github.com/the-loon-clan/loon-site/internal/markdown/markdown.go:125.2,125.14 1 1
github.com/the-loon-clan/loon-site/internal/markdown/markdown.go:130.40,132.52 2 1
github.com/the-loon-clan/loon-site/internal/markdown/markdown.go:132.52,134.3 1 0
github.com/the-loon-clan/loon-site/internal/markdown/markdown.go:135.2,135.29 1 1
github.com/the-loon-clan/loon-site/internal/markdown/markdown.go:146.39,147.12 1 1
github.com/the-loon-clan/loon-site/internal/markdown/markdown.go:147.12,149.3 1 0
github.com/the-loon-clan/loon-site/internal/markdown/markdown.go:150.2,151.17 2 1
github.com/the-loon-clan/loon-site/internal/markdown/markdown.go:151.17,153.3 1 1
github.com/the-loon-clan/loon-site/internal/markdown/markdown.go:156.2,157.38 2 1
github.com/the-loon-clan/loon-site/internal/markdown/markdown.go:157.38,158.18 1 1
github.com/the-loon-clan/loon-site/internal/markdown/markdown.go:158.18,160.9 2 1
github.com/the-loon-clan/loon-site/internal/markdown/markdown.go:163.2,163.56 1 1
github.com/the-loon-clan/loon-site/internal/middleware/csrf.go:37.29,38.30 1 1
github.com/the-loon-clan/loon-site/internal/middleware/csrf.go:38.30,44.81 1 1
github.com/the-loon-clan/loon-site/internal/middleware/csrf.go:44.81,47.4 2 1
github.com/the-loon-clan/loon-site/internal/middleware/csrf.go:54.3,54.35 1 1
github.com/the-loon-clan/loon-site/internal/middleware/csrf.go:54.35,57.4 2 0
github.com/the-loon-clan/loon-site/internal/middleware/csrf.go:58.3,60.18 3 1
github.com/the-loon-clan/loon-site/internal/middleware/csrf.go:60.18,62.42 2 1
github.com/the-loon-clan/loon-site/internal/middleware/csrf.go:62.42,65.5 2 0
github.com/the-loon-clan/loon-site/internal/middleware/csrf.go:66.4,68.19 3 1
github.com/the-loon-clan/loon-site/internal/middleware/csrf.go:70.3,75.27 3 1
github.com/the-loon-clan/loon-site/internal/middleware/csrf.go:76.77,78.17 2 1
github.com/the-loon-clan/loon-site/internal/middleware/csrf.go:78.17,80.5 1 1
github.com/the-loon-clan/loon-site/internal/middleware/csrf.go:81.4,81.67 1 1
github.com/the-loon-clan/loon-site/internal/middleware/csrf.go:81.67,85.5 3 1
github.com/the-loon-clan/loon-site/internal/middleware/csrf.go:87.3,87.11 1 1
github.com/the-loon-clan/loon-site/internal/middleware/csrf.go:93.35,97.2 3 1
github.com/the-loon-clan/loon-site/internal/storage/bookmarks.go:9.103,10.35 1 1
github.com/the-loon-clan/loon-site/internal/storage/bookmarks.go:10.35,12.3 1 0
github.com/the-loon-clan/loon-site/internal/storage/bookmarks.go:15.2,17.16 2 1
github.com/the-loon-clan/loon-site/internal/storage/bookmarks.go:17.16,19.3 1 0
github.com/the-loon-clan/loon-site/internal/storage/bookmarks.go:20.2,20.39 1 1
github.com/the-loon-clan/loon-site/internal/storage/bookmarks.go:20.39,22.3 1 0
github.com/the-loon-clan/loon-site/internal/storage/bookmarks.go:23.2,26.24 2 1
github.com/the-loon-clan/loon-site/internal/storage/bookmarks.go:32.79,33.17 1 1
github.com/the-loon-clan/loon-site/internal/storage/bookmarks.go:33.17,35.3 1 0
github.com/the-loon-clan/loon-site/internal/storage/bookmarks.go:36.2,38.83 2 1
github.com/the-loon-clan/loon-site/internal/storage/bookmarks.go:38.83,40.3 1 0
github.com/the-loon-clan/loon-site/internal/storage/bookmarks.go:41.2,41.16 1 1
github.com/the-loon-clan/loon-site/internal/storage/bookmarks.go:45.82,46.35 1 0
github.com/the-loon-clan/loon-site/internal/storage/bookmarks.go:46.35,48.3 1 0
github.com/the-loon-clan/loon-site/internal/storage/bookmarks.go:49.2,52.34 2 0
github.com/the-loon-clan/loon-site/internal/storage/bookmarks.go:52.34,54.3 1 0
github.com/the-loon-clan/loon-site/internal/storage/bookmarks.go:55.2,55.14 1 0
github.com/the-loon-clan/loon-site/internal/storage/bookmarks.go:59.86,60.17 1 1
github.com/the-loon-clan/loon-site/internal/storage/bookmarks.go:60.17,62.3 1 0
github.com/the-loon-clan/loon-site/internal/storage/bookmarks.go:63.2,66.87 2 1
github.com/the-loon-clan/loon-site/internal/storage/bookmarks.go:66.87,68.3 1 0
github.com/the-loon-clan/loon-site/internal/storage/bookmarks.go:69.2,69.12 1 1
github.com/the-loon-clan/loon-site/internal/storage/conn.go:51.29,51.53 1 1
github.com/the-loon-clan/loon-site/internal/storage/conn.go:59.30,59.46 1 1
github.com/the-loon-clan/loon-site/internal/storage/conn.go:62.28,62.51 1 0
github.com/the-loon-clan/loon-site/internal/storage/conn.go:64.83,66.2 1 1
github.com/the-loon-clan/loon-site/internal/storage/conn.go:68.86,70.2 1 1
github.com/the-loon-clan/loon-site/internal/storage/conn.go:72.88,74.2 1 1
github.com/the-loon-clan/loon-site/internal/storage/conn.go:76.60,78.2 1 1
github.com/the-loon-clan/loon-site/internal/storage/conn.go:80.81,82.2 1 0
github.com/the-loon-clan/loon-site/internal/storage/conn.go:86.55,88.2 1 0
github.com/the-loon-clan/loon-site/internal/storage/conn.go:90.58,92.2 1 0
github.com/the-loon-clan/loon-site/internal/storage/conn.go:95.88,97.2 1 0
github.com/the-loon-clan/loon-site/internal/storage/conn.go:100.33,100.72 1 1
github.com/the-loon-clan/loon-site/internal/storage/conn.go:103.79,105.16 2 1
github.com/the-loon-clan/loon-site/internal/storage/conn.go:105.16,107.3 1 0
github.com/the-loon-clan/loon-site/internal/storage/conn.go:108.2,108.26 1 1
github.com/the-loon-clan/loon-site/internal/storage/conn.go:118.82,120.2 1 0
github.com/the-loon-clan/loon-site/internal/storage/conn.go:122.85,124.2 1 0
github.com/the-loon-clan/loon-site/internal/storage/conn.go:126.87,128.2 1 1
github.com/the-loon-clan/loon-site/internal/storage/conn.go:130.80,132.2 1 1
github.com/the-loon-clan/loon-site/internal/storage/conn.go:134.31,134.56 1 1
github.com/the-loon-clan/loon-site/internal/storage/conn.go:135.31,135.58 1 1
github.com/the-loon-clan/loon-site/internal/storage/counts.go:24.62,26.2 1 0
github.com/the-loon-clan/loon-site/internal/storage/counts.go:29.76,31.2 1 0
github.com/the-loon-clan/loon-site/internal/storage/counts.go:34.68,36.2 1 0
github.com/the-loon-clan/loon-site/internal/storage/counts.go:39.69,41.2 1 0
github.com/the-loon-clan/loon-site/internal/storage/counts.go:48.64,50.53 2 0
github.com/the-loon-clan/loon-site/internal/storage/counts.go:50.53,52.3 1 0
github.com/the-loon-clan/loon-site/internal/storage/counts.go:53.2,53.16 1 0
github.com/the-loon-clan/loon-site/internal/storage/counts.go:57.67,59.2 1 0
github.com/the-loon-clan/loon-site/internal/storage/follows.go:12.102,13.17 1 0
github.com/the-loon-clan/loon-site/internal/storage/follows.go:13.17,15.3 1 0
github.com/the-loon-clan/loon-site/internal/storage/follows.go:16.2,23.23 2 0
github.com/the-loon-clan/loon-site/internal/storage/follows.go:23.23,25.3 1 0
github.com/the-loon-clan/loon-site/internal/storage/follows.go:26.2,26.43 1 0
github.com/the-loon-clan/loon-site/internal/storage/follows.go:30.86,31.40 1 0
github.com/the-loon-clan/loon-site/internal/storage/follows.go:31.40,33.3 1 0
github.com/the-loon-clan/loon-site/internal/storage/follows.go:34.2,37.39 2 0
github.com/the-loon-clan/loon-site/internal/storage/follows.go:37.39,39.3 1 0
github.com/the-loon-clan/loon-site/internal/storage/follows.go:40.2,40.14 1 0
github.com/the-loon-clan/loon-site/internal/storage/follows.go:44.110,45.68 1 1
github.com/the-loon-clan/loon-site/internal/storage/follows.go:45.68,47.3 1 0
github.com/the-loon-clan/loon-site/internal/storage/follows.go:48.2,51.16 2 1
github.com/the-loon-clan/loon-site/internal/storage/follows.go:51.16,53.3 1 0
github.com/the-loon-clan/loon-site/internal/storage/follows.go:54.2,54.39 1 1
github.com/the-loon-clan/loon-site/internal/storage/follows.go:54.39,56.3 1 0
github.com/the-loon-clan/loon-site/internal/storage/follows.go:57.2,60.24 2 1
github.com/the-loon-clan/loon-site/internal/storage/follows.go:68.80,74.2 1 1
github.com/the-loon-clan/loon-site/internal/storage/follows.go:77.80,83.2 1 0
github.com/the-loon-clan/loon-site/internal/storage/follows.go:101.78,113.2 1 0
github.com/the-loon-clan/loon-site/internal/storage/follows.go:152.85,153.17 1 1
github.com/the-loon-clan/loon-site/internal/storage/follows.go:153.17,155.3 1 0
github.com/the-loon-clan/loon-site/internal/storage/follows.go:156.2,163.83 2 1
github.com/the-loon-clan/loon-site/internal/storage/follows.go:163.83,165.3 1 0
github.com/the-loon-clan/loon-site/internal/storage/follows.go:166.2,167.25 2 1
github.com/the-loon-clan/loon-site/internal/storage/follows.go:167.25,169.3 1 1
github.com/the-loon-clan/loon-site/internal/storage/follows.go:170.2,170.12 1 1
github.com/the-loon-clan/loon-site/internal/storage/forumactivity.go:8.78,9.17 1 0
github.com/the-loon-clan/loon-site/internal/storage/forumactivity.go:9.17,11.3 1 0
github.com/the-loon-clan/loon-site/internal/storage/forumactivity.go:12.2,24.54 2 0
github.com/the-loon-clan/loon-site/internal/storage/forumactivity.go:24.54,26.3 1 0
github.com/the-loon-clan/loon-site/internal/storage/forumactivity.go:27.2,27.13 1 0
github.com/the-loon-clan/loon-site/internal/storage/forumactivity.go:35.77,36.17 1 0
github.com/the-loon-clan/loon-site/internal/storage/forumactivity.go:36.17,38.3 1 0
github.com/the-loon-clan/loon-site/internal/storage/forumactivity.go:39.2,58.54 2 0
github.com/the-loon-clan/loon-site/internal/storage/forumactivity.go:58.54,60.3 1 0
github.com/the-loon-clan/loon-site/internal/storage/forumactivity.go:61.2,61.13 1 0
github.com/the-loon-clan/loon-site/internal/storage/gifts.go:18.105,19.9 1 1
github.com/the-loon-clan/loon-site/internal/storage/gifts.go:20.22,21.21 1 0
github.com/the-loon-clan/loon-site/internal/storage/gifts.go:22.24,23.67 1 0
github.com/the-loon-clan/loon-site/internal/storage/gifts.go:24.24,25.82 1 0
github.com/the-loon-clan/loon-site/internal/storage/gifts.go:27.2,27.45 1 1
github.com/the-loon-clan/loon-site/internal/storage/gifts.go:27.45,31.3 1 0
github.com/the-loon-clan/loon-site/internal/storage/gifts.go:33.2,34.16 2 1
github.com/the-loon-clan/loon-site/internal/storage/gifts.go:34.16,36.3 1 0
github.com/the-loon-clan/loon-site/internal/storage/gifts.go:37.2,43.67 3 1
github.com/the-loon-clan/loon-site/internal/storage/gifts.go:43.67,44.36 1 0
github.com/the-loon-clan/loon-site/internal/storage/gifts.go:44.36,46.4 1 0
github.com/the-loon-clan/loon-site/internal/storage/gifts.go:47.3,47.48 1 0
github.com/the-loon-clan/loon-site/internal/storage/gifts.go:50.2,53.42 2 1
github.com/the-loon-clan/loon-site/internal/storage/gifts.go:53.42,57.3 1 0
github.com/the-loon-clan/loon-site/internal/storage/gifts.go:59.2,62.57 2 1
github.com/the-loon-clan/loon-site/internal/storage/gifts.go:62.57,64.3 1 0
github.com/the-loon-clan/loon-site/internal/storage/gifts.go:69.2,79.4 3 1
github.com/the-loon-clan/loon-site/internal/storage/gifts.go:79.4,83.74 1 1
github.com/the-loon-clan/loon-site/internal/storage/gifts.go:83.74,85.4 1 0
github.com/the-loon-clan/loon-site/internal/storage/gifts.go:87.2,87.36 1 1
github.com/the-loon-clan/loon-site/internal/storage/gifts.go:87.36,89.3 1 0
github.com/the-loon-clan/loon-site/internal/storage/gifts.go:90.2,90.12 1 1
github.com/the-loon-clan/loon-site/internal/storage/gifts.go:96.76,100.2 3 1
github.com/the-loon-clan/loon-site/internal/storage/gifts.go:103.84,104.17 1 1
github.com/the-loon-clan/loon-site/internal/storage/gifts.go:104.17,106.3 1 0
github.com/the-loon-clan/loon-site/internal/storage/gifts.go:107.2,119.42 2 1
github.com/the-loon-clan/loon-site/internal/storage/gifts.go:119.42,122.3 2 0
github.com/the-loon-clan/loon-site/internal/storage/gifts.go:123.2,123.13 1 1
github.com/the-loon-clan/loon-site/internal/storage/grabs.go:13.81,15.16 2 1
github.com/the-loon-clan/loon-site/internal/storage/grabs.go:15.16,17.3 1 1
github.com/the-loon-clan/loon-site/internal/storage/grabs.go:18.2,19.84 1 1
github.com/the-loon-clan/loon-site/internal/storage/grabs.go:25.84,26.26 1 1
github.com/the-loon-clan/loon-site/internal/storage/grabs.go:26.26,28.3 1 0
github.com/the-loon-clan/loon-site/internal/storage/grabs.go:29.2,31.32 3 1
github.com/the-loon-clan/loon-site/internal/storage/grabs.go:31.32,32.26 1 1
github.com/the-loon-clan/loon-site/internal/storage/grabs.go:32.26,35.4 2 1
github.com/the-loon-clan/loon-site/internal/storage/grabs.go:37.2,40.16 2 1
github.com/the-loon-clan/loon-site/internal/storage/grabs.go:40.16,42.3 1 0
github.com/the-loon-clan/loon-site/internal/storage/grabs.go:43.2,48.87 2 1
github.com/the-loon-clan/loon-site/internal/storage/grabs.go:48.87,50.3 1 0
github.com/the-loon-clan/loon-site/internal/storage/grabs.go:51.2,52.25 2 1
github.com/the-loon-clan/loon-site/internal/storage/grabs.go:52.25,54.3 1 1
github.com/the-loon-clan/loon-site/internal/storage/grabs.go:55.2,55.12 1 1
github.com/the-loon-clan/loon-site/internal/storage/grabs.go:65.94,74.55 2 0
github.com/the-loon-clan/loon-site/internal/storage/grabs.go:74.55,76.3 1 0
github.com/the-loon-clan/loon-site/internal/storage/grabs.go:77.2,79.25 3 0
github.com/the-loon-clan/loon-site/internal/storage/grabs.go:79.25,82.3 2 0
github.com/the-loon-clan/loon-site/internal/storage/grabs.go:83.2,83.20 1 0
github.com/the-loon-clan/loon-site/internal/storage/grabs.go:91.98,98.69 2 0
github.com/the-loon-clan/loon-site/internal/storage/grabs.go:98.69,100.3 1 0
github.com/the-loon-clan/loon-site/internal/storage/grabs.go:101.2,102.25 2 0
github.com/the-loon-clan/loon-site/internal/storage/grabs.go:102.25,104.3 1 0
github.com/the-loon-clan/loon-site/internal/storage/grabs.go:105.2,105.17 1 0
github.com/the-loon-clan/loon-site/internal/storage/invites.go:14.73,15.16 1 0
github.com/the-loon-clan/loon-site/internal/storage/invites.go:15.16,17.3 1 0
github.com/the-loon-clan/loon-site/internal/storage/invites.go:18.2,22.93 2 0
github.com/the-loon-clan/loon-site/internal/storage/invites.go:22.93,24.3 1 0
github.com/the-loon-clan/loon-site/internal/storage/invites.go:25.2,25.14 1 0
github.com/the-loon-clan/loon-site/internal/storage/invites.go:33.88,34.31 1 0
github.com/the-loon-clan/loon-site/internal/storage/invites.go:34.31,36.3 1 0
github.com/the-loon-clan/loon-site/internal/storage/invites.go:37.2,41.16 2 0
github.com/the-loon-clan/loon-site/internal/storage/invites.go:41.16,43.3 1 0
github.com/the-loon-clan/loon-site/internal/storage/invites.go:44.2,45.29 2 0
github.com/the-loon-clan/loon-site/internal/storage/invites.go:49.85,50.17 1 1
github.com/the-loon-clan/loon-site/internal/storage/invites.go:50.17,52.3 1 0
github.com/the-loon-clan/loon-site/internal/storage/invites.go:53.2,65.35 2 1
github.com/the-loon-clan/loon-site/internal/storage/invites.go:65.35,68.3 2 0
github.com/the-loon-clan/loon-site/internal/storage/invites.go:69.2,69.13 1 1
github.com/the-loon-clan/loon-site/internal/storage/invites.go:88.55,90.2 1 0
github.com/the-loon-clan/loon-site/internal/storage/invites.go:97.80,98.17 1 0
github.com/the-loon-clan/loon-site/internal/storage/invites.go:98.17,100.3 1 0
github.com/the-loon-clan/loon-site/internal/storage/invites.go:101.2,125.59 2 0
github.com/the-loon-clan/loon-site/internal/storage/invites.go:125.59,131.3 2 0
github.com/the-loon-clan/loon-site/internal/storage/invites.go:132.2,132.22 1 0
github.com/the-loon-clan/loon-site/internal/storage/invites.go:132.22,134.3 1 0
github.com/the-loon-clan/loon-site/internal/storage/invites.go:135.2,135.13 1 0
github.com/the-loon-clan/loon-site/internal/storage/invites.go:178.100,180.16 2 1
github.com/the-loon-clan/loon-site/internal/storage/invites.go:180.16,182.3 1 0
github.com/the-loon-clan/loon-site/internal/storage/invites.go:183.2,183.15 1 1
github.com/the-loon-clan/loon-site/internal/storage/invites.go:183.15,183.36 1 1
github.com/the-loon-clan/loon-site/internal/storage/invites.go:184.2,186.16 2 1
github.com/the-loon-clan/loon-site/internal/storage/invites.go:186.16,188.3 1 0
github.com/the-loon-clan/loon-site/internal/storage/invites.go:189.2,189.40 1 1
github.com/the-loon-clan/loon-site/internal/storage/invites.go:189.40,191.3 1 0
github.com/the-loon-clan/loon-site/internal/storage/invites.go:192.2,194.34 1 1
github.com/the-loon-clan/loon-site/internal/storage/invites.go:194.34,196.3 1 0
github.com/the-loon-clan/loon-site/internal/storage/invites.go:197.2,197.26 1 1
github.com/the-loon-clan/loon-site/internal/storage/migrate.go:44.45,51.4 1 1
github.com/the-loon-clan/loon-site/internal/storage/migrate.go:51.4,52.42 1 1
github.com/the-loon-clan/loon-site/internal/storage/migrate.go:52.42,54.4 1 0
github.com/the-loon-clan/loon-site/internal/storage/migrate.go:56.2,70.12 2 1
github.com/the-loon-clan/loon-site/internal/storage/migrate.go:75.43,83.4 1 0
github.com/the-loon-clan/loon-site/internal/storage/migrate.go:83.4,84.42 1 0
github.com/the-loon-clan/loon-site/internal/storage/migrate.go:84.42,86.4 1 0
github.com/the-loon-clan/loon-site/internal/storage/migrate.go:88.2,88.12 1 0
github.com/the-loon-clan/loon-site/internal/storage/migrate.go:92.43,108.26 2 1
github.com/the-loon-clan/loon-site/internal/storage/migrate.go:108.26,109.42 1 1
github.com/the-loon-clan/loon-site/internal/storage/migrate.go:109.42,111.4 1 0
github.com/the-loon-clan/loon-site/internal/storage/migrate.go:113.2,113.12 1 1
github.com/the-loon-clan/loon-site/internal/storage/migrate.go:118.45,235.26 2 0
github.com/the-loon-clan/loon-site/internal/storage/migrate.go:235.26,236.42 1 0
github.com/the-loon-clan/loon-site/internal/storage/migrate.go:236.42,238.4 1 0
github.com/the-loon-clan/loon-site/internal/storage/migrate.go:240.2,240.12 1 0
github.com/the-loon-clan/loon-site/internal/storage/migrate.go:244.46,279.26 2 0
github.com/the-loon-clan/loon-site/internal/storage/migrate.go:279.26,280.42 1 0
github.com/the-loon-clan/loon-site/internal/storage/migrate.go:280.42,282.4 1 0
github.com/the-loon-clan/loon-site/internal/storage/migrate.go:284.2,284.12 1 0
github.com/the-loon-clan/loon-site/internal/storage/migrate.go:294.43,346.26 2 0
github.com/the-loon-clan/loon-site/internal/storage/migrate.go:346.26,347.42 1 0
github.com/the-loon-clan/loon-site/internal/storage/migrate.go:347.42,349.4 1 0
github.com/the-loon-clan/loon-site/internal/storage/migrate.go:351.2,351.12 1 0
github.com/the-loon-clan/loon-site/internal/storage/migrate.go:355.41,374.26 2 1
github.com/the-loon-clan/loon-site/internal/storage/migrate.go:374.26,375.42 1 1
github.com/the-loon-clan/loon-site/internal/storage/migrate.go:375.42,377.4 1 0
github.com/the-loon-clan/loon-site/internal/storage/migrate.go:379.2,379.12 1 1
github.com/the-loon-clan/loon-site/internal/storage/migrate.go:385.39,441.26 2 0
github.com/the-loon-clan/loon-site/internal/storage/migrate.go:441.26,442.42 1 0
github.com/the-loon-clan/loon-site/internal/storage/migrate.go:442.42,444.4 1 0
github.com/the-loon-clan/loon-site/internal/storage/migrate.go:446.2,446.12 1 0
github.com/the-loon-clan/loon-site/internal/storage/migrate.go:450.39,463.26 2 1
github.com/the-loon-clan/loon-site/internal/storage/migrate.go:463.26,464.42 1 1
github.com/the-loon-clan/loon-site/internal/storage/migrate.go:464.42,466.4 1 0
github.com/the-loon-clan/loon-site/internal/storage/migrate.go:468.2,468.12 1 1
github.com/the-loon-clan/loon-site/internal/storage/migrate.go:473.39,489.26 2 1
github.com/the-loon-clan/loon-site/internal/storage/migrate.go:489.26,490.42 1 1
github.com/the-loon-clan/loon-site/internal/storage/migrate.go:490.42,492.4 1 0
github.com/the-loon-clan/loon-site/internal/storage/migrate.go:494.2,494.12 1 1
github.com/the-loon-clan/loon-site/internal/storage/migrate.go:499.45,513.26 2 1
github.com/the-loon-clan/loon-site/internal/storage/migrate.go:513.26,514.42 1 1
github.com/the-loon-clan/loon-site/internal/storage/migrate.go:514.42,516.4 1 0
github.com/the-loon-clan/loon-site/internal/storage/migrate.go:518.2,518.12 1 1
github.com/the-loon-clan/loon-site/internal/storage/migrate.go:522.41,526.2 2 1
github.com/the-loon-clan/loon-site/internal/storage/migrate.go:531.42,595.26 2 0
github.com/the-loon-clan/loon-site/internal/storage/migrate.go:595.26,596.42 1 0
github.com/the-loon-clan/loon-site/internal/storage/migrate.go:596.42,598.4 1 0
github.com/the-loon-clan/loon-site/internal/storage/migrate.go:600.2,600.12 1 0
github.com/the-loon-clan/loon-site/internal/storage/migrate.go:605.38,621.26 2 0
github.com/the-loon-clan/loon-site/internal/storage/migrate.go:621.26,622.42 1 0
github.com/the-loon-clan/loon-site/internal/storage/migrate.go:622.42,624.4 1 0
github.com/the-loon-clan/loon-site/internal/storage/migrate.go:626.2,626.12 1 0
github.com/the-loon-clan/loon-site/internal/storage/migrate.go:630.40,651.26 2 1
github.com/the-loon-clan/loon-site/internal/storage/migrate.go:651.26,652.42 1 1
github.com/the-loon-clan/loon-site/internal/storage/migrate.go:652.42,654.4 1 0
github.com/the-loon-clan/loon-site/internal/storage/migrate.go:656.2,656.12 1 1
github.com/the-loon-clan/loon-site/internal/storage/migrate.go:660.42,663.2 2 0
github.com/the-loon-clan/loon-site/internal/storage/migrate.go:667.44,670.2 2 1
github.com/the-loon-clan/loon-site/internal/storage/migrate.go:673.42,701.26 2 1
github.com/the-loon-clan/loon-site/internal/storage/migrate.go:701.26,702.42 1 1
github.com/the-loon-clan/loon-site/internal/storage/migrate.go:702.42,704.4 1 0
github.com/the-loon-clan/loon-site/internal/storage/migrate.go:706.2,706.12 1 1
github.com/the-loon-clan/loon-site/internal/storage/migrate.go:710.42,723.26 2 1
github.com/the-loon-clan/loon-site/internal/storage/migrate.go:723.26,724.42 1 1
github.com/the-loon-clan/loon-site/internal/storage/migrate.go:724.42,726.4 1 0
github.com/the-loon-clan/loon-site/internal/storage/migrate.go:728.2,728.12 1 1
github.com/the-loon-clan/loon-site/internal/storage/migrate.go:733.41,772.26 2 0
github.com/the-loon-clan/loon-site/internal/storage/migrate.go:772.26,773.42 1 0
github.com/the-loon-clan/loon-site/internal/storage/migrate.go:773.42,775.4 1 0
github.com/the-loon-clan/loon-site/internal/storage/migrate.go:777.2,777.12 1 0
github.com/the-loon-clan/loon-site/internal/storage/migrate.go:781.38,798.26 2 0
github.com/the-loon-clan/loon-site/internal/storage/migrate.go:798.26,799.42 1 0
github.com/the-loon-clan/loon-site/internal/storage/migrate.go:799.42,801.4 1 0
github.com/the-loon-clan/loon-site/internal/storage/migrate.go:803.2,803.12 1 0
github.com/the-loon-clan/loon-site/internal/storage/migrate.go:807.41,835.26 2 0
github.com/the-loon-clan/loon-site/internal/storage/migrate.go:835.26,836.42 1 0
github.com/the-loon-clan/loon-site/internal/storage/migrate.go:836.42,838.4 1 0
github.com/the-loon-clan/loon-site/internal/storage/migrate.go:840.2,840.12 1 0
github.com/the-loon-clan/loon-site/internal/storage/migrate.go:846.38,876.26 2 0
github.com/the-loon-clan/loon-site/internal/storage/migrate.go:876.26,877.42 1 0
github.com/the-loon-clan/loon-site/internal/storage/migrate.go:877.42,879.4 1 0
github.com/the-loon-clan/loon-site/internal/storage/migrate.go:881.2,881.12 1 0
github.com/the-loon-clan/loon-site/internal/storage/migrate.go:885.42,900.26 2 1
github.com/the-loon-clan/loon-site/internal/storage/migrate.go:900.26,901.42 1 1
github.com/the-loon-clan/loon-site/internal/storage/migrate.go:901.42,903.4 1 0
github.com/the-loon-clan/loon-site/internal/storage/migrate.go:905.2,905.12 1 1
github.com/the-loon-clan/loon-site/internal/storage/migrate.go:921.46,927.2 2 1
github.com/the-loon-clan/loon-site/internal/storage/security.go:33.79,39.84 2 1
github.com/the-loon-clan/loon-site/internal/storage/security.go:39.84,41.3 1 0
github.com/the-loon-clan/loon-site/internal/storage/security.go:42.2,43.17 2 1
github.com/the-loon-clan/loon-site/internal/storage/security.go:43.17,46.3 1 0
github.com/the-loon-clan/loon-site/internal/storage/security.go:47.2,47.12 1 1
github.com/the-loon-clan/loon-site/internal/storage/security.go:51.71,55.2 3 0
github.com/the-loon-clan/loon-site/internal/storage/security.go:61.89,65.2 2 1
github.com/the-loon-clan/loon-site/internal/storage/security.go:71.70,76.2 2 0
github.com/the-loon-clan/loon-site/internal/storage/security.go:79.76,83.2 2 0
github.com/the-loon-clan/loon-site/internal/storage/security.go:89.71,92.23 1 0
github.com/the-loon-clan/loon-site/internal/storage/security.go:92.23,94.3 1 0
github.com/the-loon-clan/loon-site/internal/storage/security.go:95.2,97.12 2 0
github.com/the-loon-clan/loon-site/internal/storage/security.go:110.97,115.2 3 1
github.com/the-loon-clan/loon-site/internal/storage/security.go:124.72,127.16 2 1
github.com/the-loon-clan/loon-site/internal/storage/security.go:127.16,129.3 1 0
github.com/the-loon-clan/loon-site/internal/storage/security.go:130.2,131.15 2 1
github.com/the-loon-clan/loon-site/internal/storage/security.go:138.97,140.16 2 1
github.com/the-loon-clan/loon-site/internal/storage/security.go:140.16,142.3 1 0
github.com/the-loon-clan/loon-site/internal/storage/security.go:143.2,143.15 1 1
github.com/the-loon-clan/loon-site/internal/storage/security.go:143.15,143.36 1 1
github.com/the-loon-clan/loon-site/internal/storage/security.go:144.2,145.77 1 1
github.com/the-loon-clan/loon-site/internal/storage/security.go:145.77,147.3 1 0
github.com/the-loon-clan/loon-site/internal/storage/security.go:148.2,148.27 1 1
github.com/the-loon-clan/loon-site/internal/storage/security.go:148.27,150.98 1 1
github.com/the-loon-clan/loon-site/internal/storage/security.go:150.98,152.4 1 0
github.com/the-loon-clan/loon-site/internal/storage/security.go:154.2,154.20 1 1
github.com/the-loon-clan/loon-site/internal/storage/security.go:162.108,170.54 2 0
github.com/the-loon-clan/loon-site/internal/storage/security.go:170.54,172.3 1 0
github.com/the-loon-clan/loon-site/internal/storage/security.go:173.2,173.36 1 0
github.com/the-loon-clan/loon-site/internal/storage/security.go:177.90,181.2 2 0
github.com/the-loon-clan/loon-site/internal/storage/security.go:187.83,191.2 2 0
github.com/the-loon-clan/loon-site/internal/storage/security.go:199.78,201.106 2 0
github.com/the-loon-clan/loon-site/internal/storage/security.go:201.106,203.3 1 0
github.com/the-loon-clan/loon-site/internal/storage/security.go:204.2,204.17 1 0
github.com/the-loon-clan/loon-site/internal/storage/security.go:212.112,217.2 2 0
github.com/the-loon-clan/loon-site/internal/storage/settings.go:9.75,12.91 2 1
github.com/the-loon-clan/loon-site/internal/storage/settings.go:12.91,14.3 1 0
github.com/the-loon-clan/loon-site/internal/storage/settings.go:15.2,15.16 1 1
github.com/the-loon-clan/loon-site/internal/storage/settings.go:19.91,23.2 2 1
github.com/the-loon-clan/loon-site/internal/storage/settings.go:31.106,37.2 2 0
github.com/the-loon-clan/loon-site/internal/storage/settings.go:44.68,47.76 2 1
github.com/the-loon-clan/loon-site/internal/storage/settings.go:47.76,49.3 1 0
github.com/the-loon-clan/loon-site/internal/storage/settings.go:50.2,50.12 1 1
github.com/the-loon-clan/loon-site/internal/storage/settings.go:54.78,57.2 2 1
github.com/the-loon-clan/loon-site/internal/storage/settings.go:64.85,68.23 2 0
github.com/the-loon-clan/loon-site/internal/storage/settings.go:68.23,70.3 1 0
github.com/the-loon-clan/loon-site/internal/storage/settings.go:71.2,71.22 1 0
github.com/the-loon-clan/loon-site/internal/storage/store.go:35.30,36.15 1 1
github.com/the-loon-clan/loon-site/internal/storage/store.go:36.15,37.44 1 1
github.com/the-loon-clan/loon-site/internal/storage/store.go:39.2,39.29 1 1
github.com/the-loon-clan/loon-site/internal/storage/store.go:48.28,48.44 1 0
github.com/the-loon-clan/loon-site/internal/storage/subscriptions.go:9.89,10.17 1 0
github.com/the-loon-clan/loon-site/internal/storage/subscriptions.go:10.17,12.3 1 0
github.com/the-loon-clan/loon-site/internal/storage/subscriptions.go:13.2,26.53 2 0
github.com/the-loon-clan/loon-site/internal/storage/subscriptions.go:26.53,33.3 2 0
github.com/the-loon-clan/loon-site/internal/storage/subscriptions.go:34.2,34.13 1 0
github.com/the-loon-clan/loon-site/internal/storage/subscriptions.go:42.99,43.17 1 0
github.com/the-loon-clan/loon-site/internal/storage/subscriptions.go:43.17,45.3 1 0
github.com/the-loon-clan/loon-site/internal/storage/subscriptions.go:46.2,56.42 2 0
github.com/the-loon-clan/loon-site/internal/storage/subscriptions.go:56.42,59.3 2 0
github.com/the-loon-clan/loon-site/internal/storage/subscriptions.go:60.2,60.13 1 0
github.com/the-loon-clan/loon-site/internal/storage/subscriptions.go:73.65,75.2 1 0
github.com/the-loon-clan/loon-site/internal/storage/tracker.go:62.40,63.23 1 1
github.com/the-loon-clan/loon-site/internal/storage/tracker.go:63.23,64.22 1 1
github.com/the-loon-clan/loon-site/internal/storage/tracker.go:64.22,66.4 1 1
github.com/the-loon-clan/loon-site/internal/storage/tracker.go:67.3,67.29 1 1
github.com/the-loon-clan/loon-site/internal/storage/tracker.go:69.2,69.52 1 1
github.com/the-loon-clan/loon-site/internal/storage/tracker.go:77.44,78.23 1 1
github.com/the-loon-clan/loon-site/internal/storage/tracker.go:78.23,79.22 1 1
github.com/the-loon-clan/loon-site/internal/storage/tracker.go:79.22,81.4 1 1
github.com/the-loon-clan/loon-site/internal/storage/tracker.go:82.3,82.15 1 1
github.com/the-loon-clan/loon-site/internal/storage/tracker.go:84.2,84.39 1 1
github.com/the-loon-clan/loon-site/internal/storage/tracker.go:98.93,100.45 2 1
github.com/the-loon-clan/loon-site/internal/storage/tracker.go:100.45,102.3 1 1
github.com/the-loon-clan/loon-site/internal/storage/tracker.go:103.2,124.29 3 0
github.com/the-loon-clan/loon-site/internal/storage/tracker.go:124.29,126.3 1 0
github.com/the-loon-clan/loon-site/internal/storage/tracker.go:127.2,127.16 1 0
github.com/the-loon-clan/loon-site/internal/storage/tracker.go:150.85,152.30 2 0
github.com/the-loon-clan/loon-site/internal/storage/tracker.go:152.30,154.3 1 0
github.com/the-loon-clan/loon-site/internal/storage/tracker.go:155.2,162.35 2 0
github.com/the-loon-clan/loon-site/internal/storage/tracker.go:162.35,164.3 1 0
github.com/the-loon-clan/loon-site/internal/storage/tracker.go:165.2,171.16 3 0
github.com/the-loon-clan/loon-site/internal/storage/tracker.go:192.94,193.54 1 0
github.com/the-loon-clan/loon-site/internal/storage/tracker.go:193.54,195.3 1 0
github.com/the-loon-clan/loon-site/internal/storage/tracker.go:196.2,198.32 3 0
github.com/the-loon-clan/loon-site/internal/storage/tracker.go:198.32,199.26 1 0
github.com/the-loon-clan/loon-site/internal/storage/tracker.go:199.26,202.4 2 0
github.com/the-loon-clan/loon-site/internal/storage/tracker.go:204.2,204.19 1 0
github.com/the-loon-clan/loon-site/internal/storage/tracker.go:204.19,206.3 1 0
github.com/the-loon-clan/loon-site/internal/storage/tracker.go:211.2,216.16 2 0
github.com/the-loon-clan/loon-site/internal/storage/tracker.go:216.16,218.3 1 0
github.com/the-loon-clan/loon-site/internal/storage/tracker.go:219.2,227.87 2 0
github.com/the-loon-clan/loon-site/internal/storage/tracker.go:227.87,229.3 1 0
github.com/the-loon-clan/loon-site/internal/storage/tracker.go:230.2,231.25 2 0
github.com/the-loon-clan/loon-site/internal/storage/tracker.go:231.25,236.3 1 0
github.com/the-loon-clan/loon-site/internal/storage/tracker.go:237.2,237.12 1 0
github.com/the-loon-clan/loon-site/internal/storage/tracker.go:248.94,250.48 2 1
github.com/the-loon-clan/loon-site/internal/storage/tracker.go:250.48,252.3 1 1
github.com/the-loon-clan/loon-site/internal/storage/tracker.go:253.2,260.16 2 0
github.com/the-loon-clan/loon-site/internal/storage/tracker.go:260.16,262.3 1 0
github.com/the-loon-clan/loon-site/internal/storage/tracker.go:263.2,263.16 1 0
github.com/the-loon-clan/loon-site/internal/storage/widgets.go:24.87,28.69 2 0
github.com/the-loon-clan/loon-site/internal/storage/widgets.go:28.69,30.3 1 0
github.com/the-loon-clan/loon-site/internal/storage/widgets.go:31.2,31.13 1 0
github.com/the-loon-clan/loon-site/internal/storage/widgets.go:41.86,45.51 2 0
github.com/the-loon-clan/loon-site/internal/storage/widgets.go:45.51,47.3 1 0
github.com/the-loon-clan/loon-site/internal/storage/widgets.go:48.2,48.20 1 0
github.com/the-loon-clan/loon-site/internal/storage/widgets.go:48.20,50.3 1 0
github.com/the-loon-clan/loon-site/internal/storage/widgets.go:54.2,55.25 2 0
github.com/the-loon-clan/loon-site/internal/storage/widgets.go:55.25,57.3 1 0
github.com/the-loon-clan/loon-site/internal/storage/widgets.go:58.2,58.12 1 0
github.com/the-loon-clan/loon-site/internal/storage/widgets.go:67.78,73.2 2 0
github.com/the-loon-clan/loon-site/internal/storage/widgets.go:76.79,80.2 2 0
github.com/the-loon-clan/loon-site/internal/storage/widgets.go:86.79,90.2 2 0
github.com/the-loon-clan/loon-site/internal/storage/widgets.go:98.90,102.2 2 0
github.com/the-loon-clan/loon-site/internal/storage/widgets.go:110.91,112.16 2 0
github.com/the-loon-clan/loon-site/internal/storage/widgets.go:112.16,114.3 1 0
github.com/the-loon-clan/loon-site/internal/storage/widgets.go:115.2,115.15 1 0
github.com/the-loon-clan/loon-site/internal/storage/widgets.go:115.15,115.36 1 0
github.com/the-loon-clan/loon-site/internal/storage/widgets.go:116.2,116.29 1 0
github.com/the-loon-clan/loon-site/internal/storage/widgets.go:116.29,119.33 1 0
github.com/the-loon-clan/loon-site/internal/storage/widgets.go:119.33,121.4 1 0
github.com/the-loon-clan/loon-site/internal/storage/widgets.go:123.2,123.20 1 0
github.com/the-loon-clan/loon-site/internal/storage/wishlist.go:12.93,17.14 2 1
github.com/the-loon-clan/loon-site/internal/storage/wishlist.go:17.14,19.3 1 0
github.com/the-loon-clan/loon-site/internal/storage/wishlist.go:20.2,38.38 2 1
github.com/the-loon-clan/loon-site/internal/storage/wishlist.go:38.38,41.3 2 0
github.com/the-loon-clan/loon-site/internal/storage/wishlist.go:42.2,42.13 1 1
github.com/the-loon-clan/loon-site/internal/storage/wishlist.go:59.73,64.2 3 0
github.com/the-loon-clan/loon-site/internal/storage/wishlist.go:67.57,71.2 3 0
github.com/the-loon-clan/loon-site/internal/storage/wishlist.go:77.87,82.2 2 1
github.com/the-loon-clan/loon-site/internal/storage/wishlist.go:90.74,94.2 2 1
github.com/the-loon-clan/loon-site/internal/storage/wishlist.go:97.74,101.2 2 0
github.com/the-loon-clan/loon-site/internal/storage/wishlist.go:104.72,108.2 2 0
github.com/the-loon-clan/loon-site/cmd/loonsite/main.go:42.35,45.16 3 0
github.com/the-loon-clan/loon-site/cmd/loonsite/main.go:45.16,48.3 2 0
github.com/the-loon-clan/loon-site/cmd/loonsite/main.go:49.2,49.15 1 0
github.com/the-loon-clan/loon-site/cmd/loonsite/main.go:49.15,49.40 1 0
github.com/the-loon-clan/loon-site/cmd/loonsite/main.go:50.2,50.38 1 0
github.com/the-loon-clan/loon-site/cmd/loonsite/main.go:50.38,53.3 2 0
github.com/the-loon-clan/loon-site/cmd/loonsite/main.go:54.2,54.10 1 0
github.com/the-loon-clan/loon-site/cmd/loonsite/main.go:57.13,65.12 4 0
github.com/the-loon-clan/loon-site/cmd/loonsite/main.go:65.12,67.3 1 0
github.com/the-loon-clan/loon-site/cmd/loonsite/main.go:68.2,68.17 1 0
github.com/the-loon-clan/loon-site/plugins/guestbook/plugin.go:30.46,32.62 2 0
github.com/the-loon-clan/loon-site/plugins/guestbook/plugin.go:32.62,34.3 1 0
github.com/the-loon-clan/loon-site/plugins/guestbook/plugin.go:35.2,35.18 1 0
github.com/the-loon-clan/loon-site/plugins/guestbook/plugin.go:41.13,42.54 1 0
github.com/the-loon-clan/loon-site/plugins/guestbook/plugin.go:42.54,42.74 1 0
github.com/the-loon-clan/loon-site/plugins/guestbook/plugin.go:58.43,77.2 1 0
github.com/the-loon-clan/loon-site/plugins/guestbook/plugin.go:79.48,82.65 3 0
github.com/the-loon-clan/loon-site/plugins/guestbook/plugin.go:82.65,84.3 1 0
github.com/the-loon-clan/loon-site/plugins/guestbook/plugin.go:89.2,89.46 1 0
github.com/the-loon-clan/loon-site/plugins/guestbook/plugin.go:89.46,91.15 2 0
github.com/the-loon-clan/loon-site/plugins/guestbook/plugin.go:91.15,93.4 1 0
github.com/the-loon-clan/loon-site/plugins/guestbook/plugin.go:94.3,102.44 5 0
github.com/the-loon-clan/loon-site/plugins/guestbook/plugin.go:102.44,104.4 1 0
github.com/the-loon-clan/loon-site/plugins/guestbook/plugin.go:110.2,111.12 2 0
github.com/the-loon-clan/loon-site/plugins/guestbook/plugin.go:114.51,117.26 1 0
github.com/the-loon-clan/loon-site/plugins/guestbook/plugin.go:117.26,117.48 1 0
github.com/the-loon-clan/loon-site/plugins/guestbook/plugin.go:123.2,123.59 1 0
github.com/the-loon-clan/loon-site/plugins/guestbook/plugin.go:123.59,125.3 1 0
github.com/the-loon-clan/loon-site/plugins/guestbook/plugin.go:126.2,126.12 1 0
github.com/the-loon-clan/loon-site/plugins/guestbook/plugin.go:129.48,131.16 2 0
github.com/the-loon-clan/loon-site/plugins/guestbook/plugin.go:131.16,134.3 2 0
github.com/the-loon-clan/loon-site/plugins/guestbook/plugin.go:135.2,135.44 1 0
github.com/the-loon-clan/loon-site/plugins/guestbook/plugin.go:138.50,138.64 1 0
github.com/the-loon-clan/loon-site/plugins/guestbook/plugin.go:147.39,149.66 2 0
github.com/the-loon-clan/loon-site/plugins/guestbook/plugin.go:149.66,152.3 1 0
github.com/the-loon-clan/loon-site/plugins/guestbook/plugin.go:153.2,153.16 1 0
github.com/the-loon-clan/loon-site/plugins/guestbook/plugin.go:153.16,156.3 2 0
github.com/the-loon-clan/loon-site/plugins/guestbook/plugin.go:157.2,157.62 1 0
github.com/the-loon-clan/loon-site/plugins/guestbook/plugin.go:160.39,165.47 3 0
github.com/the-loon-clan/loon-site/plugins/guestbook/plugin.go:165.47,168.3 2 0
github.com/the-loon-clan/loon-site/plugins/guestbook/plugin.go:169.2,170.9 2 0
github.com/the-loon-clan/loon-site/plugins/guestbook/plugin.go:170.9,173.3 2 0
github.com/the-loon-clan/loon-site/plugins/guestbook/plugin.go:175.2,176.50 2 0
github.com/the-loon-clan/loon-site/plugins/guestbook/plugin.go:176.50,180.3 2 0
github.com/the-loon-clan/loon-site/plugins/guestbook/plugin.go:181.2,181.16 1 0
github.com/the-loon-clan/loon-site/plugins/guestbook/plugin.go:181.16,184.3 2 0
github.com/the-loon-clan/loon-site/plugins/guestbook/plugin.go:186.2,188.16 2 0
github.com/the-loon-clan/loon-site/plugins/guestbook/plugin.go:188.16,190.3 1 0
github.com/the-loon-clan/loon-site/plugins/guestbook/plugin.go:194.2,203.69 2 0
github.com/the-loon-clan/loon-site/plugins/guestbook/plugin.go:206.58,208.50 2 0
github.com/the-loon-clan/loon-site/plugins/guestbook/plugin.go:208.50,210.3 1 0
github.com/the-loon-clan/loon-site/plugins/guestbook/plugin.go:211.2,211.15 1 0
github.com/the-loon-clan/loon-site/plugins/guestbook/views.go:45.52,55.2 1 0
github.com/the-loon-clan/loon-site/plugins/guestbook/views.go:57.68,59.66 2 0
github.com/the-loon-clan/loon-site/plugins/guestbook/views.go:59.66,62.3 1 0
github.com/the-loon-clan/loon-site/plugins/guestbook/views.go:63.2,63.16 1 0
github.com/the-loon-clan/loon-site/plugins/guestbook/views.go:63.16,65.3 1 0
github.com/the-loon-clan/loon-site/plugins/guestbook/views.go:66.2,72.17 2 0
github.com/the-loon-clan/loon-site/plugins/guestbook/views.go:72.17,74.3 1 0
github.com/the-loon-clan/loon-site/plugins/guestbook/views.go:75.2,75.41 1 0
github.com/the-loon-clan/loon-site/plugins/guestbook/views.go:80.68,82.9 2 0
github.com/the-loon-clan/loon-site/plugins/guestbook/views.go:82.9,85.3 2 0
github.com/the-loon-clan/loon-site/plugins/guestbook/views.go:86.2,87.9 2 0
github.com/the-loon-clan/loon-site/plugins/guestbook/views.go:87.9,90.3 2 0
github.com/the-loon-clan/loon-site/plugins/guestbook/views.go:92.2,93.50 2 0
github.com/the-loon-clan/loon-site/plugins/guestbook/views.go:93.50,97.3 2 0
github.com/the-loon-clan/loon-site/plugins/guestbook/views.go:98.2,98.16 1 0
github.com/the-loon-clan/loon-site/plugins/guestbook/views.go:98.16,100.3 1 0
github.com/the-loon-clan/loon-site/plugins/guestbook/views.go:101.2,102.66 1 0
github.com/the-loon-clan/loon-site/plugins/guestbook/views.go:102.66,104.3 1 0
github.com/the-loon-clan/loon-site/plugins/guestbook/views.go:105.2,112.16 3 0
github.com/the-loon-clan/loon-site/web/handlers/access_web.go:69.13,72.2 2 1
github.com/the-loon-clan/loon-site/web/handlers/access_web.go:75.32,77.13 2 1
github.com/the-loon-clan/loon-site/web/handlers/access_web.go:77.13,79.3 1 1
github.com/the-loon-clan/loon-site/web/handlers/access_web.go:80.2,80.10 1 1
github.com/the-loon-clan/loon-site/web/handlers/access_web.go:84.28,86.13 2 1
github.com/the-loon-clan/loon-site/web/handlers/access_web.go:86.13,88.3 1 1
github.com/the-loon-clan/loon-site/web/handlers/access_web.go:89.2,89.10 1 1
github.com/the-loon-clan/loon-site/web/handlers/access_web.go:96.69,98.76 2 1
github.com/the-loon-clan/loon-site/web/handlers/access_web.go:98.76,100.3 1 0
github.com/the-loon-clan/loon-site/web/handlers/access_web.go:100.8,100.20 1 1
github.com/the-loon-clan/loon-site/web/handlers/access_web.go:100.20,102.3 1 0
github.com/the-loon-clan/loon-site/web/handlers/access_web.go:103.2,103.72 1 1
github.com/the-loon-clan/loon-site/web/handlers/access_web.go:103.72,105.3 1 0
github.com/the-loon-clan/loon-site/web/handlers/access_web.go:105.8,105.20 1 1
github.com/the-loon-clan/loon-site/web/handlers/access_web.go:105.20,107.3 1 0
github.com/the-loon-clan/loon-site/web/handlers/access_web.go:108.2,108.12 1 1
github.com/the-loon-clan/loon-site/web/handlers/access_web.go:112.72,113.44 1 1
github.com/the-loon-clan/loon-site/web/handlers/access_web.go:113.44,118.3 1 1
github.com/the-loon-clan/loon-site/web/handlers/access_web.go:119.2,119.78 1 0
github.com/the-loon-clan/loon-site/web/handlers/access_web.go:119.78,121.3 1 0
github.com/the-loon-clan/loon-site/web/handlers/access_web.go:122.2,122.77 1 0
github.com/the-loon-clan/loon-site/web/handlers/access_web.go:122.77,124.3 1 0
github.com/the-loon-clan/loon-site/web/handlers/access_web.go:125.2,127.12 3 0
github.com/the-loon-clan/loon-site/web/handlers/access_web.go:130.30,132.2 1 1
github.com/the-loon-clan/loon-site/web/handlers/access_web.go:134.33,136.2 1 1
github.com/the-loon-clan/loon-site/web/handlers/access_web.go:148.34,149.11 1 1
github.com/the-loon-clan/loon-site/web/handlers/access_web.go:151.45,152.14 1 1
github.com/the-loon-clan/loon-site/web/handlers/access_web.go:162.2,165.35 1 1
github.com/the-loon-clan/loon-site/web/handlers/access_web.go:174.56,175.30 1 0
github.com/the-loon-clan/loon-site/web/handlers/access_web.go:175.30,178.56 2 0
github.com/the-loon-clan/loon-site/web/handlers/access_web.go:178.56,182.4 3 0
github.com/the-loon-clan/loon-site/web/handlers/access_web.go:183.3,183.11 1 0
github.com/the-loon-clan/loon-site/web/handlers/access_web.go:197.97,198.61 1 1
github.com/the-loon-clan/loon-site/web/handlers/access_web.go:198.61,200.3 1 1
github.com/the-loon-clan/loon-site/web/handlers/access_web.go:204.2,204.60 1 1
github.com/the-loon-clan/loon-site/web/handlers/access_web.go:213.41,215.37 2 1
github.com/the-loon-clan/loon-site/web/handlers/access_web.go:215.37,218.3 2 1
github.com/the-loon-clan/loon-site/web/handlers/access_web.go:222.2,235.11 1 1
github.com/the-loon-clan/loon-site/web/handlers/accessadmin_web.go:72.36,74.33 2 1
github.com/the-loon-clan/loon-site/web/handlers/accessadmin_web.go:74.33,76.10 2 1
github.com/the-loon-clan/loon-site/web/handlers/accessadmin_web.go:77.44,78.22 1 1
github.com/the-loon-clan/loon-site/web/handlers/accessadmin_web.go:79.55,80.23 1 1
github.com/the-loon-clan/loon-site/web/handlers/accessadmin_web.go:81.28,86.20 2 1
github.com/the-loon-clan/loon-site/web/handlers/accessadmin_web.go:86.20,88.5 1 1
github.com/the-loon-clan/loon-site/web/handlers/accessadmin_web.go:89.40,90.24 1 1
github.com/the-loon-clan/loon-site/web/handlers/accessadmin_web.go:91.11,92.23 1 1
github.com/the-loon-clan/loon-site/web/handlers/accessadmin_web.go:94.3,94.23 1 1
github.com/the-loon-clan/loon-site/web/handlers/accessadmin_web.go:96.2,96.44 1 1
github.com/the-loon-clan/loon-site/web/handlers/accessadmin_web.go:96.44,96.84 1 1
github.com/the-loon-clan/loon-site/web/handlers/accessadmin_web.go:97.2,97.12 1 1
github.com/the-loon-clan/loon-site/web/handlers/accessadmin_web.go:102.33,103.129 1 1
github.com/the-loon-clan/loon-site/web/handlers/accessadmin_web.go:103.129,104.32 1 1
github.com/the-loon-clan/loon-site/web/handlers/accessadmin_web.go:104.32,106.4 1 1
github.com/the-loon-clan/loon-site/web/handlers/accessadmin_web.go:108.2,108.14 1 1
github.com/the-loon-clan/loon-site/web/handlers/accessadmin_web.go:112.43,121.2 1 0
github.com/the-loon-clan/loon-site/web/handlers/accessadmin_web.go:124.47,128.77 4 0
github.com/the-loon-clan/loon-site/web/handlers/accessadmin_web.go:128.77,132.3 3 0
github.com/the-loon-clan/loon-site/web/handlers/accessadmin_web.go:133.2,134.55 2 0
github.com/the-loon-clan/loon-site/web/handlers/achievements_web.go:36.57,37.11 1 0
github.com/the-loon-clan/loon-site/web/handlers/achievements_web.go:38.35,39.20 1 0
github.com/the-loon-clan/loon-site/web/handlers/achievements_web.go:40.34,41.17 1 0
github.com/the-loon-clan/loon-site/web/handlers/achievements_web.go:43.2,43.15 1 0
github.com/the-loon-clan/loon-site/web/handlers/achievements_web.go:47.48,49.9 2 1
github.com/the-loon-clan/loon-site/web/handlers/achievements_web.go:49.9,51.3 1 0
github.com/the-loon-clan/loon-site/web/handlers/achievements_web.go:53.2,62.27 2 1
github.com/the-loon-clan/loon-site/web/handlers/achievements_web.go:62.27,66.3 3 1
github.com/the-loon-clan/loon-site/web/handlers/achievements_web.go:68.2,69.16 2 0
github.com/the-loon-clan/loon-site/web/handlers/achievements_web.go:69.16,74.3 4 0
github.com/the-loon-clan/loon-site/web/handlers/achievements_web.go:76.2,77.25 2 0
github.com/the-loon-clan/loon-site/web/handlers/achievements_web.go:77.25,84.27 2 0
github.com/the-loon-clan/loon-site/web/handlers/achievements_web.go:84.27,86.4 1 0
github.com/the-loon-clan/loon-site/web/handlers/achievements_web.go:87.3,87.18 1 0
github.com/the-loon-clan/loon-site/web/handlers/achievements_web.go:88.36,89.34 1 0
github.com/the-loon-clan/loon-site/web/handlers/achievements_web.go:90.35,91.32 1 0
github.com/the-loon-clan/loon-site/web/handlers/achievements_web.go:95.2,107.40 9 0
github.com/the-loon-clan/loon-site/web/handlers/achievements_web.go:127.98,128.42 1 1
github.com/the-loon-clan/loon-site/web/handlers/achievements_web.go:128.42,130.3 1 1
github.com/the-loon-clan/loon-site/web/handlers/achievements_web.go:131.2,132.16 2 0
github.com/the-loon-clan/loon-site/web/handlers/achievements_web.go:132.16,134.3 1 0
github.com/the-loon-clan/loon-site/web/handlers/achievements_web.go:135.2,141.25 4 0
github.com/the-loon-clan/loon-site/web/handlers/achievements_web.go:141.25,142.69 1 0
github.com/the-loon-clan/loon-site/web/handlers/achievements_web.go:142.69,144.4 1 0
github.com/the-loon-clan/loon-site/web/handlers/achievements_web.go:146.2,147.27 2 0
github.com/the-loon-clan/loon-site/web/handlers/achievements_web.go:147.27,148.13 1 0
github.com/the-loon-clan/loon-site/web/handlers/achievements_web.go:148.13,149.9 1 0
github.com/the-loon-clan/loon-site/web/handlers/achievements_web.go:151.3,155.5 1 0
github.com/the-loon-clan/loon-site/web/handlers/achievements_web.go:157.2,157.18 1 0
github.com/the-loon-clan/loon-site/web/handlers/achievements_web.go:162.49,163.31 1 0
github.com/the-loon-clan/loon-site/web/handlers/achievements_web.go:163.31,164.68 1 0
github.com/the-loon-clan/loon-site/web/handlers/achievements_web.go:164.68,166.4 1 0
github.com/the-loon-clan/loon-site/web/handlers/admin_views.go:32.83,38.49 6 0
github.com/the-loon-clan/loon-site/web/handlers/admin_views.go:38.49,40.3 1 0
github.com/the-loon-clan/loon-site/web/handlers/admin_views.go:43.2,50.48 3 0
github.com/the-loon-clan/loon-site/web/handlers/admin_views.go:50.48,52.3 1 0
github.com/the-loon-clan/loon-site/web/handlers/admin_views.go:53.2,71.36 3 0
github.com/the-loon-clan/loon-site/web/handlers/admin_views.go:71.36,74.35 3 0
github.com/the-loon-clan/loon-site/web/handlers/admin_views.go:74.35,76.4 1 0
github.com/the-loon-clan/loon-site/web/handlers/admin_views.go:80.2,80.48 1 0
github.com/the-loon-clan/loon-site/web/handlers/admin_views.go:80.48,83.35 3 0
github.com/the-loon-clan/loon-site/web/handlers/admin_views.go:83.35,85.4 1 0
github.com/the-loon-clan/loon-site/web/handlers/admin_views.go:89.2,89.32 1 0
github.com/the-loon-clan/loon-site/web/handlers/admin_views.go:89.32,92.35 3 0
github.com/the-loon-clan/loon-site/web/handlers/admin_views.go:92.35,94.4 1 0
github.com/the-loon-clan/loon-site/web/handlers/admin_views.go:101.2,102.32 2 0
github.com/the-loon-clan/loon-site/web/handlers/admin_views.go:102.32,103.35 1 0
github.com/the-loon-clan/loon-site/web/handlers/admin_views.go:103.35,104.12 1 0
github.com/the-loon-clan/loon-site/web/handlers/admin_views.go:106.3,110.38 2 0
github.com/the-loon-clan/loon-site/web/handlers/admin_views.go:110.38,112.4 1 0
github.com/the-loon-clan/loon-site/web/handlers/admin_views.go:113.3,116.5 1 0
github.com/the-loon-clan/loon-site/web/handlers/admin_views.go:118.2,118.57 1 0
github.com/the-loon-clan/loon-site/web/handlers/admin_views.go:118.57,120.25 2 0
github.com/the-loon-clan/loon-site/web/handlers/admin_views.go:120.25,122.4 1 0
github.com/the-loon-clan/loon-site/web/handlers/admin_views.go:123.3,123.29 1 0
github.com/the-loon-clan/loon-site/web/handlers/admin_views.go:143.57,146.2 2 1
github.com/the-loon-clan/loon-site/web/handlers/admin_views.go:212.84,217.41 5 1
github.com/the-loon-clan/loon-site/web/handlers/admin_views.go:217.41,219.20 2 1
github.com/the-loon-clan/loon-site/web/handlers/admin_views.go:219.20,220.11 1 1
github.com/the-loon-clan/loon-site/web/handlers/admin_views.go:221.31,221.31 0 0
github.com/the-loon-clan/loon-site/web/handlers/admin_views.go:222.33,222.33 0 1
github.com/the-loon-clan/loon-site/web/handlers/admin_views.go:224.36,225.69 1 1
github.com/the-loon-clan/loon-site/web/handlers/admin_views.go:226.12,227.65 1 1
github.com/the-loon-clan/loon-site/web/handlers/admin_views.go:229.4,230.12 2 1
github.com/the-loon-clan/loon-site/web/handlers/admin_views.go:233.3,234.73 2 1
github.com/the-loon-clan/loon-site/web/handlers/admin_views.go:234.73,236.29 2 1
github.com/the-loon-clan/loon-site/web/handlers/admin_views.go:236.29,238.5 1 1
github.com/the-loon-clan/loon-site/web/handlers/admin_views.go:239.4,239.7 1 1
github.com/the-loon-clan/loon-site/web/handlers/admin_views.go:241.3,241.10 1 1
github.com/the-loon-clan/loon-site/web/handlers/admin_views.go:242.23,242.23 0 0
github.com/the-loon-clan/loon-site/web/handlers/admin_views.go:244.31,247.54 1 1
github.com/the-loon-clan/loon-site/web/handlers/admin_views.go:248.23,249.76 1 1
github.com/the-loon-clan/loon-site/web/handlers/admin_views.go:250.11,251.66 1 1
github.com/the-loon-clan/loon-site/web/handlers/admin_views.go:254.2,254.31 1 1
github.com/the-loon-clan/loon-site/web/handlers/admin_views.go:293.54,295.34 2 1
github.com/the-loon-clan/loon-site/web/handlers/admin_views.go:295.34,296.54 1 0
github.com/the-loon-clan/loon-site/web/handlers/admin_views.go:296.54,297.12 1 0
github.com/the-loon-clan/loon-site/web/handlers/admin_views.go:299.3,300.17 2 0
github.com/the-loon-clan/loon-site/web/handlers/admin_views.go:300.17,302.12 2 0
github.com/the-loon-clan/loon-site/web/handlers/admin_views.go:304.3,304.62 1 0
github.com/the-loon-clan/loon-site/web/handlers/admin_views.go:306.2,306.12 1 1
github.com/the-loon-clan/loon-site/web/handlers/admin_views.go:325.47,326.34 1 1
github.com/the-loon-clan/loon-site/web/handlers/admin_views.go:326.34,327.21 1 1
github.com/the-loon-clan/loon-site/web/handlers/admin_views.go:327.21,329.4 1 1
github.com/the-loon-clan/loon-site/web/handlers/admin_views.go:331.2,331.14 1 1
github.com/the-loon-clan/loon-site/web/handlers/admin_views.go:339.72,340.34 1 1
github.com/the-loon-clan/loon-site/web/handlers/admin_views.go:340.34,341.21 1 0
github.com/the-loon-clan/loon-site/web/handlers/admin_views.go:341.21,342.12 1 0
github.com/the-loon-clan/loon-site/web/handlers/admin_views.go:344.3,344.23 1 0
github.com/the-loon-clan/loon-site/web/handlers/admin_views.go:344.23,346.4 1 0
github.com/the-loon-clan/loon-site/web/handlers/admin_views.go:347.3,348.17 2 0
github.com/the-loon-clan/loon-site/web/handlers/admin_views.go:348.17,351.4 2 0
github.com/the-loon-clan/loon-site/web/handlers/admin_views.go:352.3,352.17 1 0
github.com/the-loon-clan/loon-site/web/handlers/admin_views.go:352.17,354.4 1 0
github.com/the-loon-clan/loon-site/web/handlers/admin_views.go:355.3,355.56 1 0
github.com/the-loon-clan/loon-site/web/handlers/admin_views.go:357.2,357.26 1 1
github.com/the-loon-clan/loon-site/web/handlers/admin_views.go:379.45,381.2 1 0
github.com/the-loon-clan/loon-site/web/handlers/admin_views.go:383.65,384.30 1 0
github.com/the-loon-clan/loon-site/web/handlers/admin_views.go:384.30,384.68 1 0
github.com/the-loon-clan/loon-site/web/handlers/admin_views.go:391.59,392.36 1 1
github.com/the-loon-clan/loon-site/web/handlers/admin_views.go:392.36,393.21 1 0
github.com/the-loon-clan/loon-site/web/handlers/admin_views.go:393.21,395.4 1 0
github.com/the-loon-clan/loon-site/web/handlers/admin_views.go:397.2,397.30 1 1
github.com/the-loon-clan/loon-site/web/handlers/admin_views.go:397.30,399.3 1 0
github.com/the-loon-clan/loon-site/web/handlers/admin_views.go:400.2,400.27 1 1
github.com/the-loon-clan/loon-site/web/handlers/admin_views.go:406.88,409.36 3 0
github.com/the-loon-clan/loon-site/web/handlers/admin_views.go:409.36,415.3 1 0
github.com/the-loon-clan/loon-site/web/handlers/admin_views.go:416.2,417.8 2 0
github.com/the-loon-clan/loon-site/web/handlers/admin_views.go:417.8,419.10 2 0
github.com/the-loon-clan/loon-site/web/handlers/admin_views.go:420.24,421.20 1 0
github.com/the-loon-clan/loon-site/web/handlers/admin_views.go:422.11,424.18 2 0
github.com/the-loon-clan/loon-site/web/handlers/admin_views.go:424.18,427.5 2 0
github.com/the-loon-clan/loon-site/web/handlers/admin_views.go:428.4,428.12 1 0
github.com/the-loon-clan/loon-site/web/handlers/admin_views.go:430.3,430.87 1 0
github.com/the-loon-clan/loon-site/web/handlers/admin_views.go:432.2,432.42 1 0
github.com/the-loon-clan/loon-site/web/handlers/admin_views.go:435.105,436.30 1 0
github.com/the-loon-clan/loon-site/web/handlers/admin_views.go:436.30,438.17 2 0
github.com/the-loon-clan/loon-site/web/handlers/admin_views.go:438.17,442.4 3 0
github.com/the-loon-clan/loon-site/web/handlers/admin_views.go:443.3,443.17 1 0
github.com/the-loon-clan/loon-site/web/handlers/admin_views.go:443.17,445.4 1 0
github.com/the-loon-clan/loon-site/web/handlers/admin_views.go:446.3,446.41 1 0
github.com/the-loon-clan/loon-site/web/handlers/admin_views.go:452.53,453.30 1 0
github.com/the-loon-clan/loon-site/web/handlers/admin_views.go:453.30,455.17 2 0
github.com/the-loon-clan/loon-site/web/handlers/admin_views.go:455.17,459.4 3 0
github.com/the-loon-clan/loon-site/web/handlers/admin_views.go:460.3,460.85 1 0
github.com/the-loon-clan/loon-site/web/handlers/admin_views.go:464.101,465.30 1 0
github.com/the-loon-clan/loon-site/web/handlers/admin_views.go:465.30,467.17 2 0
github.com/the-loon-clan/loon-site/web/handlers/admin_views.go:467.17,471.4 3 0
github.com/the-loon-clan/loon-site/web/handlers/admin_views.go:472.3,472.17 1 0
github.com/the-loon-clan/loon-site/web/handlers/admin_views.go:472.17,474.4 1 0
github.com/the-loon-clan/loon-site/web/handlers/admin_views.go:475.3,475.85 1 0
github.com/the-loon-clan/loon-site/web/handlers/admin_views.go:481.58,482.21 1 1
github.com/the-loon-clan/loon-site/web/handlers/admin_views.go:482.21,484.3 1 1
github.com/the-loon-clan/loon-site/web/handlers/admin_views.go:485.2,485.105 1 1
github.com/the-loon-clan/loon-site/web/handlers/admin_views.go:485.105,489.3 3 1
github.com/the-loon-clan/loon-site/web/handlers/admin_views.go:490.2,491.14 2 1
github.com/the-loon-clan/loon-site/web/handlers/admin_views.go:494.53,495.30 1 1
github.com/the-loon-clan/loon-site/web/handlers/admin_views.go:495.30,496.24 1 1
github.com/the-loon-clan/loon-site/web/handlers/admin_views.go:496.24,498.4 1 1
github.com/the-loon-clan/loon-site/web/handlers/admin_views.go:499.3,500.17 2 0
github.com/the-loon-clan/loon-site/web/handlers/admin_views.go:500.17,504.4 3 0
github.com/the-loon-clan/loon-site/web/handlers/admin_views.go:505.3,505.84 1 0
github.com/the-loon-clan/loon-site/web/handlers/admin_views.go:509.101,510.30 1 0
github.com/the-loon-clan/loon-site/web/handlers/admin_views.go:510.30,511.24 1 0
github.com/the-loon-clan/loon-site/web/handlers/admin_views.go:511.24,513.4 1 0
github.com/the-loon-clan/loon-site/web/handlers/admin_views.go:514.3,515.17 2 0
github.com/the-loon-clan/loon-site/web/handlers/admin_views.go:515.17,519.4 3 0
github.com/the-loon-clan/loon-site/web/handlers/admin_views.go:520.3,520.17 1 0
github.com/the-loon-clan/loon-site/web/handlers/admin_views.go:520.17,522.4 1 0
github.com/the-loon-clan/loon-site/web/handlers/admin_views.go:523.3,523.84 1 0
github.com/the-loon-clan/loon-site/web/handlers/admin_web.go:35.41,40.24 2 0
github.com/the-loon-clan/loon-site/web/handlers/admin_web.go:40.24,41.49 1 0
github.com/the-loon-clan/loon-site/web/handlers/admin_web.go:41.49,42.44 1 0
github.com/the-loon-clan/loon-site/web/handlers/admin_web.go:42.44,44.5 1 0
github.com/the-loon-clan/loon-site/web/handlers/admin_web.go:44.10,46.5 1 0
github.com/the-loon-clan/loon-site/web/handlers/admin_web.go:49.2,49.83 1 0
github.com/the-loon-clan/loon-site/web/handlers/admin_web.go:61.57,64.26 3 1
github.com/the-loon-clan/loon-site/web/handlers/admin_web.go:64.26,67.10 3 1
github.com/the-loon-clan/loon-site/web/handlers/admin_web.go:67.10,71.4 3 1
github.com/the-loon-clan/loon-site/web/handlers/admin_web.go:72.3,73.49 2 1
github.com/the-loon-clan/loon-site/web/handlers/admin_web.go:73.49,75.4 1 1
github.com/the-loon-clan/loon-site/web/handlers/admin_web.go:77.2,77.15 1 1
github.com/the-loon-clan/loon-site/web/handlers/admin_web.go:80.39,81.25 1 1
github.com/the-loon-clan/loon-site/web/handlers/admin_web.go:81.25,82.27 1 1
github.com/the-loon-clan/loon-site/web/handlers/admin_web.go:82.27,84.4 1 1
github.com/the-loon-clan/loon-site/web/handlers/admin_web.go:86.2,86.13 1 1
github.com/the-loon-clan/loon-site/web/handlers/admin_web.go:89.46,96.23 2 1
github.com/the-loon-clan/loon-site/web/handlers/admin_web.go:96.23,98.3 1 1
github.com/the-loon-clan/loon-site/web/handlers/admin_web.go:99.2,99.23 1 1
github.com/the-loon-clan/loon-site/web/handlers/admin_web.go:99.23,101.3 1 1
github.com/the-loon-clan/loon-site/web/handlers/admin_web.go:101.8,101.28 1 1
github.com/the-loon-clan/loon-site/web/handlers/admin_web.go:101.28,103.3 1 1
github.com/the-loon-clan/loon-site/web/handlers/admin_web.go:104.2,104.10 1 1
github.com/the-loon-clan/loon-site/web/handlers/admin_web.go:107.37,108.16 1 1
github.com/the-loon-clan/loon-site/web/handlers/admin_web.go:108.16,110.3 1 1
github.com/the-loon-clan/loon-site/web/handlers/admin_web.go:111.2,111.40 1 1
github.com/the-loon-clan/loon-site/web/handlers/admin_web.go:116.48,119.19 3 0
github.com/the-loon-clan/loon-site/web/handlers/admin_web.go:120.17,136.24 1 0
github.com/the-loon-clan/loon-site/web/handlers/admin_web.go:136.24,138.4 1 0
github.com/the-loon-clan/loon-site/web/handlers/admin_web.go:138.9,138.31 1 0
github.com/the-loon-clan/loon-site/web/handlers/admin_web.go:138.31,139.72 1 0
github.com/the-loon-clan/loon-site/web/handlers/admin_web.go:139.72,141.5 1 0
github.com/the-loon-clan/loon-site/web/handlers/admin_web.go:141.10,143.5 1 0
github.com/the-loon-clan/loon-site/web/handlers/admin_web.go:144.9,146.4 1 0
github.com/the-loon-clan/loon-site/web/handlers/admin_web.go:147.15,148.26 1 0
github.com/the-loon-clan/loon-site/web/handlers/admin_web.go:149.16,150.27 1 0
github.com/the-loon-clan/loon-site/web/handlers/admin_web.go:151.14,152.25 1 0
github.com/the-loon-clan/loon-site/web/handlers/admin_web.go:154.2,154.48 1 0
github.com/the-loon-clan/loon-site/web/handlers/admin_web.go:164.44,166.17 2 0
github.com/the-loon-clan/loon-site/web/handlers/admin_web.go:166.17,167.36 1 0
github.com/the-loon-clan/loon-site/web/handlers/admin_web.go:167.36,173.4 2 0
github.com/the-loon-clan/loon-site/web/handlers/admin_web.go:175.2,175.88 1 0
github.com/the-loon-clan/loon-site/web/handlers/admin_wiring.go:56.3,93.54 23 0
github.com/the-loon-clan/loon-site/web/handlers/admin_wiring.go:93.54,95.3 1 0
github.com/the-loon-clan/loon-site/web/handlers/admin_wiring.go:96.2,96.56 1 0
github.com/the-loon-clan/loon-site/web/handlers/admin_wiring.go:96.56,98.3 1 0
github.com/the-loon-clan/loon-site/web/handlers/admin_wiring.go:103.2,103.56 1 0
github.com/the-loon-clan/loon-site/web/handlers/admin_wiring.go:103.56,105.3 1 0
github.com/the-loon-clan/loon-site/web/handlers/admin_wiring.go:109.2,109.50 1 0
github.com/the-loon-clan/loon-site/web/handlers/admin_wiring.go:109.50,110.43 1 0
github.com/the-loon-clan/loon-site/web/handlers/admin_wiring.go:110.43,114.4 3 0
github.com/the-loon-clan/loon-site/web/handlers/admin_wiring.go:119.2,119.58 1 0
github.com/the-loon-clan/loon-site/web/handlers/admin_wiring.go:119.58,126.3 2 0
github.com/the-loon-clan/loon-site/web/handlers/admin_wiring.go:133.2,160.78 6 0
github.com/the-loon-clan/loon-site/web/handlers/admin_wiring.go:160.78,162.3 1 0
github.com/the-loon-clan/loon-site/web/handlers/admin_wiring.go:162.8,163.28 1 0
github.com/the-loon-clan/loon-site/web/handlers/admin_wiring.go:163.28,164.44 1 0
github.com/the-loon-clan/loon-site/web/handlers/admin_wiring.go:164.44,166.5 1 0
github.com/the-loon-clan/loon-site/web/handlers/admin_wiring.go:172.2,172.75 1 0
github.com/the-loon-clan/loon-site/web/handlers/admin_wiring.go:172.75,174.3 1 0
github.com/the-loon-clan/loon-site/web/handlers/admin_wiring.go:174.8,175.28 1 0
github.com/the-loon-clan/loon-site/web/handlers/admin_wiring.go:175.28,176.44 1 0
github.com/the-loon-clan/loon-site/web/handlers/admin_wiring.go:176.44,178.5 1 0
github.com/the-loon-clan/loon-site/web/handlers/admin_wiring.go:183.2,183.62 1 0
github.com/the-loon-clan/loon-site/web/handlers/admin_wiring.go:183.62,185.3 1 0
github.com/the-loon-clan/loon-site/web/handlers/admin_wiring.go:185.8,186.28 1 0
github.com/the-loon-clan/loon-site/web/handlers/admin_wiring.go:186.28,187.44 1 0
github.com/the-loon-clan/loon-site/web/handlers/admin_wiring.go:187.44,189.5 1 0
github.com/the-loon-clan/loon-site/web/handlers/admin_wiring.go:194.2,194.49 1 0
github.com/the-loon-clan/loon-site/web/handlers/admin_wiring.go:194.49,196.3 1 0
github.com/the-loon-clan/loon-site/web/handlers/admin_wiring.go:196.8,197.28 1 0
github.com/the-loon-clan/loon-site/web/handlers/admin_wiring.go:197.28,198.44 1 0
github.com/the-loon-clan/loon-site/web/handlers/admin_wiring.go:198.44,200.5 1 0
github.com/the-loon-clan/loon-site/web/handlers/admin_wiring.go:206.2,206.75 1 0
github.com/the-loon-clan/loon-site/web/handlers/admin_wiring.go:206.75,208.3 1 0
github.com/the-loon-clan/loon-site/web/handlers/admin_wiring.go:208.8,209.28 1 0
github.com/the-loon-clan/loon-site/web/handlers/admin_wiring.go:209.28,210.44 1 0
github.com/the-loon-clan/loon-site/web/handlers/admin_wiring.go:210.44,212.5 1 0
github.com/the-loon-clan/loon-site/web/handlers/admin_wiring.go:228.2,228.78 1 0
github.com/the-loon-clan/loon-site/web/handlers/admin_wiring.go:228.78,230.3 1 0
github.com/the-loon-clan/loon-site/web/handlers/admin_wiring.go:230.8,231.28 1 0
github.com/the-loon-clan/loon-site/web/handlers/admin_wiring.go:231.28,232.35 1 0
github.com/the-loon-clan/loon-site/web/handlers/admin_wiring.go:232.35,233.13 1 0
github.com/the-loon-clan/loon-site/web/handlers/admin_wiring.go:235.4,235.44 1 0
github.com/the-loon-clan/loon-site/web/handlers/admin_wiring.go:235.44,237.5 1 0
github.com/the-loon-clan/loon-site/web/handlers/admin_wiring.go:242.2,242.89 1 0
github.com/the-loon-clan/loon-site/web/handlers/admin_wiring.go:242.89,244.17 2 0
github.com/the-loon-clan/loon-site/web/handlers/admin_wiring.go:244.17,246.4 1 0
github.com/the-loon-clan/loon-site/web/handlers/admin_wiring.go:247.3,247.26 1 0
github.com/the-loon-clan/loon-site/web/handlers/admin_wiring.go:248.17,250.3 1 0
github.com/the-loon-clan/loon-site/web/handlers/admin_wiring.go:250.8,251.28 1 0
github.com/the-loon-clan/loon-site/web/handlers/admin_wiring.go:251.28,252.44 1 0
github.com/the-loon-clan/loon-site/web/handlers/admin_wiring.go:252.44,254.5 1 0
github.com/the-loon-clan/loon-site/web/handlers/admin_wiring.go:258.2,258.75 1 0
github.com/the-loon-clan/loon-site/web/handlers/admin_wiring.go:258.75,260.3 1 0
github.com/the-loon-clan/loon-site/web/handlers/admin_wiring.go:260.8,261.28 1 0
github.com/the-loon-clan/loon-site/web/handlers/admin_wiring.go:261.28,262.44 1 0
github.com/the-loon-clan/loon-site/web/handlers/admin_wiring.go:262.44,264.5 1 0
github.com/the-loon-clan/loon-site/web/handlers/admin_wiring.go:272.2,274.57 2 0
github.com/the-loon-clan/loon-site/web/handlers/assetversion_web.go:43.35,46.16 3 1
github.com/the-loon-clan/loon-site/web/handlers/assetversion_web.go:46.16,48.3 1 0
github.com/the-loon-clan/loon-site/web/handlers/assetversion_web.go:51.2,51.76 1 1
github.com/the-loon-clan/loon-site/web/handlers/assetversion_web.go:51.76,52.30 1 1
github.com/the-loon-clan/loon-site/web/handlers/assetversion_web.go:52.30,54.4 1 1
github.com/the-loon-clan/loon-site/web/handlers/assetversion_web.go:55.3,55.39 1 1
github.com/the-loon-clan/loon-site/web/handlers/assetversion_web.go:56.22,56.22 0 1
github.com/the-loon-clan/loon-site/web/handlers/assetversion_web.go:57.11,58.14 1 0
github.com/the-loon-clan/loon-site/web/handlers/assetversion_web.go:60.3,61.17 2 1
github.com/the-loon-clan/loon-site/web/handlers/assetversion_web.go:61.17,63.4 1 0
github.com/the-loon-clan/loon-site/web/handlers/assetversion_web.go:64.3,64.16 1 1
github.com/the-loon-clan/loon-site/web/handlers/assetversion_web.go:64.16,64.33 1 1
github.com/the-loon-clan/loon-site/web/handlers/assetversion_web.go:65.3,67.13 3 1
github.com/the-loon-clan/loon-site/web/handlers/assetversion_web.go:69.2,69.16 1 1
github.com/the-loon-clan/loon-site/web/handlers/assetversion_web.go:69.16,71.3 1 0
github.com/the-loon-clan/loon-site/web/handlers/assetversion_web.go:72.2,72.44 1 1
github.com/the-loon-clan/loon-site/web/handlers/assetversion_web.go:83.32,84.30 1 1
github.com/the-loon-clan/loon-site/web/handlers/assetversion_web.go:84.30,86.3 1 0
github.com/the-loon-clan/loon-site/web/handlers/assetversion_web.go:87.2,87.33 1 1
github.com/the-loon-clan/loon-site/web/handlers/assetversion_web.go:95.43,96.30 1 1
github.com/the-loon-clan/loon-site/web/handlers/assetversion_web.go:96.30,97.56 1 1
github.com/the-loon-clan/loon-site/web/handlers/assetversion_web.go:97.56,98.44 1 0
github.com/the-loon-clan/loon-site/web/handlers/assetversion_web.go:98.44,100.5 1 0
github.com/the-loon-clan/loon-site/web/handlers/assetversion_web.go:100.10,106.5 1 0
github.com/the-loon-clan/loon-site/web/handlers/assetversion_web.go:109.4,110.99 2 0
github.com/the-loon-clan/loon-site/web/handlers/assetversion_web.go:110.99,114.5 3 0
github.com/the-loon-clan/loon-site/web/handlers/assetversion_web.go:116.3,116.11 1 1
github.com/the-loon-clan/loon-site/web/handlers/auth_web.go:23.41,25.2 1 1
github.com/the-loon-clan/loon-site/web/handlers/auth_web.go:27.41,31.16 2 0
github.com/the-loon-clan/loon-site/web/handlers/auth_web.go:31.16,33.3 1 0
github.com/the-loon-clan/loon-site/web/handlers/auth_web.go:38.2,38.46 1 0
github.com/the-loon-clan/loon-site/web/handlers/auth_web.go:38.46,44.3 3 0
github.com/the-loon-clan/loon-site/web/handlers/auth_web.go:45.2,45.88 1 0
github.com/the-loon-clan/loon-site/web/handlers/auth_web.go:45.88,49.3 3 0
github.com/the-loon-clan/loon-site/web/handlers/auth_web.go:50.2,55.23 3 0
github.com/the-loon-clan/loon-site/web/handlers/auth_web.go:55.23,57.15 2 0
github.com/the-loon-clan/loon-site/web/handlers/auth_web.go:57.15,59.4 1 0
github.com/the-loon-clan/loon-site/web/handlers/auth_web.go:60.3,61.61 1 0
github.com/the-loon-clan/loon-site/web/handlers/auth_web.go:61.61,63.4 1 0
github.com/the-loon-clan/loon-site/web/handlers/auth_web.go:65.2,65.16 1 0
github.com/the-loon-clan/loon-site/web/handlers/auth_web.go:65.16,69.3 3 0
github.com/the-loon-clan/loon-site/web/handlers/auth_web.go:75.2,75.56 1 0
github.com/the-loon-clan/loon-site/web/handlers/auth_web.go:75.56,78.3 2 0
github.com/the-loon-clan/loon-site/web/handlers/auth_web.go:79.2,79.43 1 0
github.com/the-loon-clan/loon-site/web/handlers/auth_web.go:79.43,81.3 1 0
github.com/the-loon-clan/loon-site/web/handlers/auth_web.go:82.2,82.38 1 0
github.com/the-loon-clan/loon-site/web/handlers/auth_web.go:85.44,94.2 1 1
github.com/the-loon-clan/loon-site/web/handlers/auth_web.go:96.44,98.16 2 0
github.com/the-loon-clan/loon-site/web/handlers/auth_web.go:98.16,100.3 1 0
github.com/the-loon-clan/loon-site/web/handlers/auth_web.go:106.2,106.40 1 0
github.com/the-loon-clan/loon-site/web/handlers/auth_web.go:106.40,112.3 2 0
github.com/the-loon-clan/loon-site/web/handlers/auth_web.go:117.2,117.20 1 0
github.com/the-loon-clan/loon-site/web/handlers/auth_web.go:118.17,123.9 3 0
github.com/the-loon-clan/loon-site/web/handlers/auth_web.go:124.17,125.62 1 0
github.com/the-loon-clan/loon-site/web/handlers/auth_web.go:125.62,128.4 2 0
github.com/the-loon-clan/loon-site/web/handlers/auth_web.go:133.2,133.46 1 0
github.com/the-loon-clan/loon-site/web/handlers/auth_web.go:133.46,136.3 2 0
github.com/the-loon-clan/loon-site/web/handlers/auth_web.go:137.2,137.88 1 0
github.com/the-loon-clan/loon-site/web/handlers/auth_web.go:137.88,140.3 2 0
github.com/the-loon-clan/loon-site/web/handlers/auth_web.go:141.2,143.16 3 0
github.com/the-loon-clan/loon-site/web/handlers/auth_web.go:143.16,146.3 2 0
github.com/the-loon-clan/loon-site/web/handlers/auth_web.go:154.2,154.100 1 0
github.com/the-loon-clan/loon-site/web/handlers/auth_web.go:154.100,159.3 1 0
github.com/the-loon-clan/loon-site/web/handlers/auth_web.go:160.2,160.43 1 0
github.com/the-loon-clan/loon-site/web/handlers/auth_web.go:160.43,162.3 1 0
github.com/the-loon-clan/loon-site/web/handlers/auth_web.go:164.2,164.83 1 0
github.com/the-loon-clan/loon-site/web/handlers/auth_web.go:164.83,166.3 1 0
github.com/the-loon-clan/loon-site/web/handlers/auth_web.go:167.2,167.38 1 0
github.com/the-loon-clan/loon-site/web/handlers/auth_web.go:170.38,173.2 2 0
github.com/the-loon-clan/loon-site/web/handlers/auth_web.go:177.42,179.2 1 1
github.com/the-loon-clan/loon-site/web/handlers/auth_web.go:181.42,189.46 2 0
github.com/the-loon-clan/loon-site/web/handlers/auth_web.go:189.46,195.3 3 0
github.com/the-loon-clan/loon-site/web/handlers/auth_web.go:196.2,196.88 1 0
github.com/the-loon-clan/loon-site/web/handlers/auth_web.go:196.88,200.3 3 0
github.com/the-loon-clan/loon-site/web/handlers/auth_web.go:203.2,203.80 1 0
github.com/the-loon-clan/loon-site/web/handlers/auth_web.go:203.80,205.3 1 0
github.com/the-loon-clan/loon-site/web/handlers/auth_web.go:206.2,206.85 1 0
github.com/the-loon-clan/loon-site/web/handlers/auth_web.go:209.41,211.2 1 0
github.com/the-loon-clan/loon-site/web/handlers/auth_web.go:213.41,217.16 4 0
github.com/the-loon-clan/loon-site/web/handlers/auth_web.go:217.16,219.10 2 0
github.com/the-loon-clan/loon-site/web/handlers/auth_web.go:220.50,221.51 1 0
github.com/the-loon-clan/loon-site/web/handlers/auth_web.go:222.50,223.54 1 0
github.com/the-loon-clan/loon-site/web/handlers/auth_web.go:225.3,227.9 3 0
github.com/the-loon-clan/loon-site/web/handlers/auth_web.go:229.2,229.108 1 0
github.com/the-loon-clan/loon-site/web/handlers/auth_web.go:232.43,234.92 2 0
github.com/the-loon-clan/loon-site/web/handlers/auth_web.go:234.92,236.3 1 0
github.com/the-loon-clan/loon-site/web/handlers/auth_web.go:236.8,238.3 1 0
github.com/the-loon-clan/loon-site/web/handlers/auth_web.go:239.2,239.33 1 0
github.com/the-loon-clan/loon-site/web/handlers/auth_web.go:242.44,244.9 2 0
github.com/the-loon-clan/loon-site/web/handlers/auth_web.go:244.9,246.3 1 0
github.com/the-loon-clan/loon-site/web/handlers/auth_web.go:247.2,247.85 1 0
github.com/the-loon-clan/loon-site/web/handlers/auth_web.go:247.85,248.90 1 0
github.com/the-loon-clan/loon-site/web/handlers/auth_web.go:248.90,250.4 1 0
github.com/the-loon-clan/loon-site/web/handlers/auth_web.go:252.2,252.38 1 0
github.com/the-loon-clan/loon-site/web/handlers/avatar_web.go:78.31,78.78 1 0
github.com/the-loon-clan/loon-site/web/handlers/avatar_web.go:87.47,89.40 2 1
github.com/the-loon-clan/loon-site/web/handlers/avatar_web.go:89.40,91.3 1 0
github.com/the-loon-clan/loon-site/web/handlers/avatar_web.go:92.2,92.77 1 1
github.com/the-loon-clan/loon-site/web/handlers/avatar_web.go:99.46,101.43 2 1
github.com/the-loon-clan/loon-site/web/handlers/avatar_web.go:101.43,103.3 1 1
github.com/the-loon-clan/loon-site/web/handlers/avatar_web.go:104.2,106.80 2 1
github.com/the-loon-clan/loon-site/web/handlers/avatar_web.go:106.80,108.3 1 1
github.com/the-loon-clan/loon-site/web/handlers/avatar_web.go:109.2,109.13 1 1
github.com/the-loon-clan/loon-site/web/handlers/avatar_web.go:118.46,121.12 3 1
github.com/the-loon-clan/loon-site/web/handlers/avatar_web.go:121.12,123.3 1 1
github.com/the-loon-clan/loon-site/web/handlers/avatar_web.go:124.2,125.14 2 1
github.com/the-loon-clan/loon-site/web/handlers/avatar_web.go:125.14,127.3 1 1
github.com/the-loon-clan/loon-site/web/handlers/avatar_web.go:128.2,134.35 5 1
github.com/the-loon-clan/loon-site/web/handlers/avatar_web.go:134.35,136.3 1 1
github.com/the-loon-clan/loon-site/web/handlers/avatar_web.go:138.2,140.12 3 0
github.com/the-loon-clan/loon-site/web/handlers/avatar_web.go:145.47,147.26 2 1
github.com/the-loon-clan/loon-site/web/handlers/avatar_web.go:147.26,149.3 1 1
github.com/the-loon-clan/loon-site/web/handlers/avatar_web.go:150.2,152.12 3 1
github.com/the-loon-clan/loon-site/web/handlers/avatar_web.go:167.48,168.19 1 1
github.com/the-loon-clan/loon-site/web/handlers/avatar_web.go:168.19,170.3 1 1
github.com/the-loon-clan/loon-site/web/handlers/avatar_web.go:171.2,171.51 1 1
github.com/the-loon-clan/loon-site/web/handlers/avatar_web.go:171.51,174.3 1 1
github.com/the-loon-clan/loon-site/web/handlers/avatar_web.go:175.2,176.16 2 1
github.com/the-loon-clan/loon-site/web/handlers/avatar_web.go:176.16,178.3 1 0
github.com/the-loon-clan/loon-site/web/handlers/avatar_web.go:179.2,180.68 1 1
github.com/the-loon-clan/loon-site/web/handlers/avatar_web.go:180.68,182.3 1 1
github.com/the-loon-clan/loon-site/web/handlers/avatar_web.go:183.2,184.16 2 1
github.com/the-loon-clan/loon-site/web/handlers/avatar_web.go:184.16,186.3 1 1
github.com/the-loon-clan/loon-site/web/handlers/avatar_web.go:187.2,188.115 2 1
github.com/the-loon-clan/loon-site/web/handlers/avatar_web.go:188.115,190.3 1 0
github.com/the-loon-clan/loon-site/web/handlers/avatar_web.go:191.2,191.25 1 1
github.com/the-loon-clan/loon-site/web/handlers/avatar_web.go:199.69,201.45 2 0
github.com/the-loon-clan/loon-site/web/handlers/avatar_web.go:201.45,203.3 1 0
github.com/the-loon-clan/loon-site/web/handlers/avatar_web.go:204.2,204.31 1 0
github.com/the-loon-clan/loon-site/web/handlers/avatar_web.go:204.31,206.3 1 0
github.com/the-loon-clan/loon-site/web/handlers/avatar_web.go:207.2,208.16 2 0
github.com/the-loon-clan/loon-site/web/handlers/avatar_web.go:208.16,210.3 1 0
github.com/the-loon-clan/loon-site/web/handlers/avatar_web.go:211.2,215.16 3 0
github.com/the-loon-clan/loon-site/web/handlers/avatar_web.go:215.16,217.3 1 0
github.com/the-loon-clan/loon-site/web/handlers/avatar_web.go:218.2,218.39 1 0
github.com/the-loon-clan/loon-site/web/handlers/avatar_web.go:218.39,220.3 1 0
github.com/the-loon-clan/loon-site/web/handlers/avatar_web.go:221.2,221.17 1 0
github.com/the-loon-clan/loon-site/web/handlers/avatar_web.go:225.80,226.32 1 1
github.com/the-loon-clan/loon-site/web/handlers/avatar_web.go:226.32,228.3 1 1
github.com/the-loon-clan/loon-site/web/handlers/avatar_web.go:229.2,231.84 2 1
github.com/the-loon-clan/loon-site/web/handlers/avatar_web.go:231.84,233.3 1 0
github.com/the-loon-clan/loon-site/web/handlers/avatar_web.go:234.2,234.10 1 1
github.com/the-loon-clan/loon-site/web/handlers/avatar_web.go:244.86,246.16 2 0
github.com/the-loon-clan/loon-site/web/handlers/avatar_web.go:246.16,248.3 1 0
github.com/the-loon-clan/loon-site/web/handlers/avatar_web.go:249.2,250.16 2 0
github.com/the-loon-clan/loon-site/web/handlers/avatar_web.go:250.16,252.3 1 0
github.com/the-loon-clan/loon-site/web/handlers/avatar_web.go:253.2,255.16 3 0
github.com/the-loon-clan/loon-site/web/handlers/avatar_web.go:255.16,257.3 1 0
github.com/the-loon-clan/loon-site/web/handlers/avatar_web.go:258.2,264.106 2 0
github.com/the-loon-clan/loon-site/web/handlers/avatar_web.go:264.106,268.3 2 0
github.com/the-loon-clan/loon-site/web/handlers/avatar_web.go:273.2,274.12 2 0
github.com/the-loon-clan/loon-site/web/handlers/avatar_web.go:278.95,283.74 2 0
github.com/the-loon-clan/loon-site/web/handlers/avatar_web.go:283.74,285.3 1 0
github.com/the-loon-clan/loon-site/web/handlers/avatar_web.go:286.2,286.15 1 0
github.com/the-loon-clan/loon-site/web/handlers/avatar_web.go:286.15,288.3 1 0
github.com/the-loon-clan/loon-site/web/handlers/avatar_web.go:291.2,291.87 1 0
github.com/the-loon-clan/loon-site/web/handlers/avatar_web.go:297.13,299.110 1 1
github.com/the-loon-clan/loon-site/web/handlers/avatar_web.go:299.110,303.69 2 0
github.com/the-loon-clan/loon-site/web/handlers/avatar_web.go:303.69,305.4 1 0
github.com/the-loon-clan/loon-site/web/handlers/avatar_web.go:309.3,309.49 1 0
github.com/the-loon-clan/loon-site/web/handlers/avatar_web.go:309.49,311.4 1 0
github.com/the-loon-clan/loon-site/web/handlers/avatar_web.go:312.3,314.32 1 0
github.com/the-loon-clan/loon-site/web/handlers/avatar_web.go:314.32,316.4 1 0
github.com/the-loon-clan/loon-site/web/handlers/avatar_web.go:317.3,317.13 1 0
github.com/the-loon-clan/loon-site/web/handlers/avatar_web.go:326.50,328.9 2 0
github.com/the-loon-clan/loon-site/web/handlers/avatar_web.go:328.9,330.3 1 0
github.com/the-loon-clan/loon-site/web/handlers/avatar_web.go:331.2,334.21 3 0
github.com/the-loon-clan/loon-site/web/handlers/avatar_web.go:334.21,336.17 2 0
github.com/the-loon-clan/loon-site/web/handlers/avatar_web.go:336.17,340.4 3 0
github.com/the-loon-clan/loon-site/web/handlers/avatar_web.go:343.3,344.9 2 0
github.com/the-loon-clan/loon-site/web/handlers/avatar_web.go:347.2,348.16 2 0
github.com/the-loon-clan/loon-site/web/handlers/avatar_web.go:348.16,351.3 2 0
github.com/the-loon-clan/loon-site/web/handlers/avatar_web.go:352.2,352.16 1 0
github.com/the-loon-clan/loon-site/web/handlers/avatar_web.go:352.16,357.3 2 0
github.com/the-loon-clan/loon-site/web/handlers/avatar_web.go:358.2,358.63 1 0
github.com/the-loon-clan/loon-site/web/handlers/avatar_web.go:358.63,364.3 3 0
github.com/the-loon-clan/loon-site/web/handlers/avatar_web.go:365.2,365.64 1 0
github.com/the-loon-clan/loon-site/web/handlers/avatarmod_web.go:40.64,42.2 1 0
github.com/the-loon-clan/loon-site/web/handlers/avatarmod_web.go:90.81,91.17 1 0
github.com/the-loon-clan/loon-site/web/handlers/avatarmod_web.go:91.17,93.3 1 0
github.com/the-loon-clan/loon-site/web/handlers/avatarmod_web.go:94.2,102.42 2 0
github.com/the-loon-clan/loon-site/web/handlers/avatarmod_web.go:102.42,108.3 2 0
github.com/the-loon-clan/loon-site/web/handlers/avatarmod_web.go:109.2,109.13 1 0
github.com/the-loon-clan/loon-site/web/handlers/avatarmod_web.go:114.82,115.17 1 0
github.com/the-loon-clan/loon-site/web/handlers/avatarmod_web.go:115.17,117.3 1 0
github.com/the-loon-clan/loon-site/web/handlers/avatarmod_web.go:118.2,126.42 2 0
github.com/the-loon-clan/loon-site/web/handlers/avatarmod_web.go:126.42,129.3 2 0
github.com/the-loon-clan/loon-site/web/handlers/avatarmod_web.go:130.2,130.13 1 0
github.com/the-loon-clan/loon-site/web/handlers/avatarmod_web.go:135.68,136.17 1 1
github.com/the-loon-clan/loon-site/web/handlers/avatarmod_web.go:136.17,138.3 1 1
github.com/the-loon-clan/loon-site/web/handlers/avatarmod_web.go:139.2,141.71 2 1
github.com/the-loon-clan/loon-site/web/handlers/avatarmod_web.go:141.71,143.3 1 1
github.com/the-loon-clan/loon-site/web/handlers/avatarmod_web.go:144.2,144.10 1 0
github.com/the-loon-clan/loon-site/web/handlers/avatarmod_web.go:148.83,152.2 2 0
github.com/the-loon-clan/loon-site/web/handlers/avatarmod_web.go:155.45,159.13 4 0
github.com/the-loon-clan/loon-site/web/handlers/avatarmod_web.go:159.13,161.3 1 0
github.com/the-loon-clan/loon-site/web/handlers/avatarmod_web.go:162.2,169.4 1 0
github.com/the-loon-clan/loon-site/web/handlers/avatarmod_web.go:177.47,181.9 2 0
github.com/the-loon-clan/loon-site/web/handlers/avatarmod_web.go:181.9,183.3 1 0
github.com/the-loon-clan/loon-site/web/handlers/avatarmod_web.go:184.2,189.13 4 0
github.com/the-loon-clan/loon-site/web/handlers/avatarmod_web.go:189.13,192.3 2 0
github.com/the-loon-clan/loon-site/web/handlers/avatarmod_web.go:196.2,196.19 1 0
github.com/the-loon-clan/loon-site/web/handlers/avatarmod_web.go:197.15,203.64 1 0
github.com/the-loon-clan/loon-site/web/handlers/avatarmod_web.go:203.64,207.4 3 0
github.com/the-loon-clan/loon-site/web/handlers/avatarmod_web.go:211.3,212.66 2 0
github.com/the-loon-clan/loon-site/web/handlers/avatarmod_web.go:212.66,214.4 1 0
github.com/the-loon-clan/loon-site/web/handlers/avatarmod_web.go:215.3,215.67 1 0
github.com/the-loon-clan/loon-site/web/handlers/avatarmod_web.go:216.10,217.66 1 0
github.com/the-loon-clan/loon-site/web/handlers/avatarmod_web.go:217.66,219.4 1 0
github.com/the-loon-clan/loon-site/web/handlers/avatarmod_web.go:220.3,221.68 2 0
github.com/the-loon-clan/loon-site/web/handlers/avatarsweep_web.go:52.79,53.17 1 0
github.com/the-loon-clan/loon-site/web/handlers/avatarsweep_web.go:53.17,55.3 1 0
github.com/the-loon-clan/loon-site/web/handlers/avatarsweep_web.go:56.2,58.16 3 0
github.com/the-loon-clan/loon-site/web/handlers/avatarsweep_web.go:58.16,59.25 1 0
github.com/the-loon-clan/loon-site/web/handlers/avatarsweep_web.go:59.25,61.4 1 0
github.com/the-loon-clan/loon-site/web/handlers/avatarsweep_web.go:62.3,62.16 1 0
github.com/the-loon-clan/loon-site/web/handlers/avatarsweep_web.go:66.2,68.72 2 0
github.com/the-loon-clan/loon-site/web/handlers/avatarsweep_web.go:68.72,73.3 1 0
github.com/the-loon-clan/loon-site/web/handlers/avatarsweep_web.go:74.2,75.26 2 0
github.com/the-loon-clan/loon-site/web/handlers/avatarsweep_web.go:75.26,76.38 1 0
github.com/the-loon-clan/loon-site/web/handlers/avatarsweep_web.go:76.38,78.4 1 0
github.com/the-loon-clan/loon-site/web/handlers/avatarsweep_web.go:83.2,84.20 2 0
github.com/the-loon-clan/loon-site/web/handlers/avatarsweep_web.go:84.20,88.70 1 0
github.com/the-loon-clan/loon-site/web/handlers/avatarsweep_web.go:88.70,90.4 1 0
github.com/the-loon-clan/loon-site/web/handlers/avatarsweep_web.go:92.2,92.30 1 0
github.com/the-loon-clan/loon-site/web/handlers/avatarsweep_web.go:92.30,93.38 1 0
github.com/the-loon-clan/loon-site/web/handlers/avatarsweep_web.go:93.38,95.4 1 0
github.com/the-loon-clan/loon-site/web/handlers/avatarsweep_web.go:98.2,100.28 3 0
github.com/the-loon-clan/loon-site/web/handlers/avatarsweep_web.go:100.28,101.34 1 0
github.com/the-loon-clan/loon-site/web/handlers/avatarsweep_web.go:101.34,102.12 1 0
github.com/the-loon-clan/loon-site/web/handlers/avatarsweep_web.go:104.3,105.49 2 0
github.com/the-loon-clan/loon-site/web/handlers/avatarsweep_web.go:105.49,106.12 1 0
github.com/the-loon-clan/loon-site/web/handlers/avatarsweep_web.go:108.3,108.65 1 0
github.com/the-loon-clan/loon-site/web/handlers/avatarsweep_web.go:108.65,110.12 2 0
github.com/the-loon-clan/loon-site/web/handlers/avatarsweep_web.go:112.3,112.12 1 0
github.com/the-loon-clan/loon-site/web/handlers/avatarsweep_web.go:114.2,114.21 1 0
github.com/the-loon-clan/loon-site/web/handlers/avatarsweep_web.go:126.88,127.18 1 0
github.com/the-loon-clan/loon-site/web/handlers/avatarsweep_web.go:127.18,129.17 2 0
github.com/the-loon-clan/loon-site/web/handlers/avatarsweep_web.go:129.17,132.4 2 0
github.com/the-loon-clan/loon-site/web/handlers/avatarsweep_web.go:136.3,137.26 2 0
github.com/the-loon-clan/loon-site/web/handlers/avatarsweep_web.go:137.26,139.4 1 0
github.com/the-loon-clan/loon-site/web/handlers/avatarsweep_web.go:144.2,144.24 1 0
github.com/the-loon-clan/loon-site/web/handlers/avatarsweep_web.go:144.24,146.3 1 0
github.com/the-loon-clan/loon-site/web/handlers/avatarsweep_web.go:147.2,147.12 1 0
github.com/the-loon-clan/loon-site/web/handlers/avatarsweep_web.go:147.12,151.7 4 0
github.com/the-loon-clan/loon-site/web/handlers/avatarsweep_web.go:151.7,152.11 1 0
github.com/the-loon-clan/loon-site/web/handlers/avatarsweep_web.go:153.22,154.11 1 0
github.com/the-loon-clan/loon-site/web/handlers/avatarsweep_web.go:155.15,156.12 1 0
github.com/the-loon-clan/loon-site/web/handlers/bookmarks_web.go:30.45,33.9 3 1
github.com/the-loon-clan/loon-site/web/handlers/bookmarks_web.go:33.9,35.3 1 0
github.com/the-loon-clan/loon-site/web/handlers/bookmarks_web.go:36.2,38.21 3 1
github.com/the-loon-clan/loon-site/web/handlers/bookmarks_web.go:38.21,42.3 3 0
github.com/the-loon-clan/loon-site/web/handlers/bookmarks_web.go:43.2,44.37 2 1
github.com/the-loon-clan/loon-site/web/handlers/bookmarks_web.go:72.127,74.60 2 1
github.com/the-loon-clan/loon-site/web/handlers/bookmarks_web.go:74.60,76.27 2 1
github.com/the-loon-clan/loon-site/web/handlers/bookmarks_web.go:76.27,77.12 1 1
github.com/the-loon-clan/loon-site/web/handlers/bookmarks_web.go:79.3,79.76 1 1
github.com/the-loon-clan/loon-site/web/handlers/bookmarks_web.go:81.2,81.13 1 1
github.com/the-loon-clan/loon-site/web/handlers/bookmarks_web.go:89.46,91.9 2 0
github.com/the-loon-clan/loon-site/web/handlers/bookmarks_web.go:91.9,93.3 1 0
github.com/the-loon-clan/loon-site/web/handlers/bookmarks_web.go:94.2,95.27 2 0
github.com/the-loon-clan/loon-site/web/handlers/bookmarks_web.go:95.27,98.3 2 0
github.com/the-loon-clan/loon-site/web/handlers/bookmarks_web.go:99.2,99.80 1 0
github.com/the-loon-clan/loon-site/web/handlers/bookmarks_web.go:99.80,101.3 1 0
github.com/the-loon-clan/loon-site/web/handlers/bookmarks_web.go:104.2,105.69 2 0
github.com/the-loon-clan/loon-site/web/handlers/bookmarks_web.go:105.69,108.3 2 0
github.com/the-loon-clan/loon-site/web/handlers/bookmarks_web.go:109.2,109.72 1 0
github.com/the-loon-clan/loon-site/web/handlers/boot_wiring.go:61.87,69.63 4 1
github.com/the-loon-clan/loon-site/web/handlers/boot_wiring.go:69.63,71.3 1 0
github.com/the-loon-clan/loon-site/web/handlers/boot_wiring.go:74.2,75.66 2 1
github.com/the-loon-clan/loon-site/web/handlers/boot_wiring.go:75.66,77.3 1 0
github.com/the-loon-clan/loon-site/web/handlers/boot_wiring.go:79.2,80.64 2 1
github.com/the-loon-clan/loon-site/web/handlers/boot_wiring.go:80.64,82.3 1 0
github.com/the-loon-clan/loon-site/web/handlers/boot_wiring.go:90.2,91.66 2 1
github.com/the-loon-clan/loon-site/web/handlers/boot_wiring.go:91.66,93.3 1 0
github.com/the-loon-clan/loon-site/web/handlers/boot_wiring.go:97.2,98.65 2 1
github.com/the-loon-clan/loon-site/web/handlers/boot_wiring.go:98.65,100.3 1 0
github.com/the-loon-clan/loon-site/web/handlers/boot_wiring.go:105.2,106.65 2 1
github.com/the-loon-clan/loon-site/web/handlers/boot_wiring.go:106.65,108.3 1 0
github.com/the-loon-clan/loon-site/web/handlers/boot_wiring.go:109.2,110.63 2 1
github.com/the-loon-clan/loon-site/web/handlers/boot_wiring.go:110.63,112.3 1 0
github.com/the-loon-clan/loon-site/web/handlers/boot_wiring.go:118.2,119.69 2 1
github.com/the-loon-clan/loon-site/web/handlers/boot_wiring.go:119.69,121.3 1 0
github.com/the-loon-clan/loon-site/web/handlers/boot_wiring.go:125.2,126.67 2 1
github.com/the-loon-clan/loon-site/web/handlers/boot_wiring.go:126.67,128.3 1 0
github.com/the-loon-clan/loon-site/web/handlers/boot_wiring.go:130.2,144.16 4 1
github.com/the-loon-clan/loon-site/web/handlers/boot_wiring.go:152.94,156.44 2 1
github.com/the-loon-clan/loon-site/web/handlers/boot_wiring.go:156.44,158.3 1 0
github.com/the-loon-clan/loon-site/web/handlers/boot_wiring.go:159.2,161.50 2 1
github.com/the-loon-clan/loon-site/web/handlers/boot_wiring.go:161.50,163.3 1 0
github.com/the-loon-clan/loon-site/web/handlers/boot_wiring.go:166.2,166.51 1 1
github.com/the-loon-clan/loon-site/web/handlers/boot_wiring.go:166.51,168.3 1 0
github.com/the-loon-clan/loon-site/web/handlers/boot_wiring.go:169.2,169.76 1 1
github.com/the-loon-clan/loon-site/web/handlers/boot_wiring.go:169.76,171.3 1 0
github.com/the-loon-clan/loon-site/web/handlers/boot_wiring.go:174.2,174.71 1 1
github.com/the-loon-clan/loon-site/web/handlers/boot_wiring.go:174.71,176.3 1 0
github.com/the-loon-clan/loon-site/web/handlers/boot_wiring.go:177.2,180.49 2 1
github.com/the-loon-clan/loon-site/web/handlers/boot_wiring.go:180.49,182.3 1 0
github.com/the-loon-clan/loon-site/web/handlers/boot_wiring.go:183.2,183.12 1 1
github.com/the-loon-clan/loon-site/web/handlers/calendar_web.go:47.45,48.25 1 1
github.com/the-loon-clan/loon-site/web/handlers/calendar_web.go:48.25,50.3 1 1
github.com/the-loon-clan/loon-site/web/handlers/calendar_web.go:51.2,52.18 2 1
github.com/the-loon-clan/loon-site/web/handlers/calendar_web.go:52.18,54.3 1 1
github.com/the-loon-clan/loon-site/web/handlers/calendar_web.go:55.2,55.24 1 1
github.com/the-loon-clan/loon-site/web/handlers/calendar_web.go:97.35,100.2 2 1
github.com/the-loon-clan/loon-site/web/handlers/calendar_web.go:107.93,114.28 6 1
github.com/the-loon-clan/loon-site/web/handlers/calendar_web.go:114.28,116.3 1 1
github.com/the-loon-clan/loon-site/web/handlers/calendar_web.go:118.2,130.29 4 1
github.com/the-loon-clan/loon-site/web/handlers/calendar_web.go:130.29,142.28 3 1
github.com/the-loon-clan/loon-site/web/handlers/calendar_web.go:142.28,143.18 1 1
github.com/the-loon-clan/loon-site/web/handlers/calendar_web.go:143.18,145.5 1 1
github.com/the-loon-clan/loon-site/web/handlers/calendar_web.go:150.3,150.19 1 1
github.com/the-loon-clan/loon-site/web/handlers/calendar_web.go:150.19,152.4 1 1
github.com/the-loon-clan/loon-site/web/handlers/calendar_web.go:153.3,155.21 3 1
github.com/the-loon-clan/loon-site/web/handlers/calendar_web.go:155.21,158.4 2 1
github.com/the-loon-clan/loon-site/web/handlers/calendar_web.go:160.2,160.10 1 1
github.com/the-loon-clan/loon-site/web/handlers/calendar_web.go:169.65,171.15 2 1
github.com/the-loon-clan/loon-site/web/handlers/calendar_web.go:171.15,173.3 1 1
github.com/the-loon-clan/loon-site/web/handlers/calendar_web.go:174.2,175.16 2 1
github.com/the-loon-clan/loon-site/web/handlers/calendar_web.go:175.16,177.3 1 1
github.com/the-loon-clan/loon-site/web/handlers/calendar_web.go:178.2,178.71 1 1
github.com/the-loon-clan/loon-site/web/handlers/calendar_web.go:178.71,180.3 1 1
github.com/the-loon-clan/loon-site/web/handlers/calendar_web.go:181.2,181.28 1 1
github.com/the-loon-clan/loon-site/web/handlers/calendar_web.go:185.44,188.9 3 1
github.com/the-loon-clan/loon-site/web/handlers/calendar_web.go:188.9,190.3 1 0
github.com/the-loon-clan/loon-site/web/handlers/calendar_web.go:192.2,204.33 7 1
github.com/the-loon-clan/loon-site/web/handlers/calendar_web.go:204.33,205.10 1 0
github.com/the-loon-clan/loon-site/web/handlers/calendar_web.go:205.10,208.17 1 0
github.com/the-loon-clan/loon-site/web/handlers/calendar_web.go:208.17,209.33 1 0
github.com/the-loon-clan/loon-site/web/handlers/calendar_web.go:209.33,211.6 1 0
github.com/the-loon-clan/loon-site/web/handlers/calendar_web.go:213.4,213.57 1 0
github.com/the-loon-clan/loon-site/web/handlers/calendar_web.go:218.2,218.47 1 1
github.com/the-loon-clan/loon-site/web/handlers/calendar_web.go:218.47,220.3 1 0
github.com/the-loon-clan/loon-site/web/handlers/calendar_web.go:222.2,232.56 2 1
github.com/the-loon-clan/loon-site/web/handlers/calendar_web.go:232.56,234.3 1 0
github.com/the-loon-clan/loon-site/web/handlers/calendar_web.go:235.2,235.36 1 1
github.com/the-loon-clan/loon-site/web/handlers/calendar_web.go:251.41,254.78 1 0
github.com/the-loon-clan/loon-site/web/handlers/calendar_web.go:254.78,255.28 1 0
github.com/the-loon-clan/loon-site/web/handlers/calendar_web.go:255.28,257.5 1 0
github.com/the-loon-clan/loon-site/web/handlers/calendar_web.go:258.4,259.18 2 0
github.com/the-loon-clan/loon-site/web/handlers/calendar_web.go:259.18,261.5 1 0
github.com/the-loon-clan/loon-site/web/handlers/calendar_web.go:262.4,263.16 2 0
github.com/the-loon-clan/loon-site/web/handlers/calendar_web.go:263.16,265.5 1 0
github.com/the-loon-clan/loon-site/web/handlers/calendar_web.go:266.4,267.18 2 0
github.com/the-loon-clan/loon-site/web/handlers/calendar_web.go:267.18,269.5 1 0
github.com/the-loon-clan/loon-site/web/handlers/calendar_web.go:270.4,271.29 2 0
github.com/the-loon-clan/loon-site/web/handlers/calendar_web.go:271.29,273.38 2 0
github.com/the-loon-clan/loon-site/web/handlers/calendar_web.go:273.38,274.14 1 0
github.com/the-loon-clan/loon-site/web/handlers/calendar_web.go:276.5,279.7 1 0
github.com/the-loon-clan/loon-site/web/handlers/calendar_web.go:281.4,281.14 1 0
github.com/the-loon-clan/loon-site/web/handlers/calendar_web.go:291.40,294.78 1 0
github.com/the-loon-clan/loon-site/web/handlers/calendar_web.go:294.78,295.23 1 0
github.com/the-loon-clan/loon-site/web/handlers/calendar_web.go:295.23,297.5 1 0
github.com/the-loon-clan/loon-site/web/handlers/calendar_web.go:298.4,299.74 2 0
github.com/the-loon-clan/loon-site/web/handlers/calendar_web.go:299.74,301.29 2 0
github.com/the-loon-clan/loon-site/web/handlers/calendar_web.go:301.29,302.14 1 0
github.com/the-loon-clan/loon-site/web/handlers/calendar_web.go:304.5,305.38 2 0
github.com/the-loon-clan/loon-site/web/handlers/calendar_web.go:305.38,306.14 1 0
github.com/the-loon-clan/loon-site/web/handlers/calendar_web.go:308.5,312.7 1 0
github.com/the-loon-clan/loon-site/web/handlers/calendar_web.go:314.4,314.14 1 0
github.com/the-loon-clan/loon-site/web/handlers/catalog_web.go:31.77,32.28 1 0
github.com/the-loon-clan/loon-site/web/handlers/catalog_web.go:32.28,34.3 1 0
github.com/the-loon-clan/loon-site/web/handlers/catalog_web.go:39.2,44.32 2 0
github.com/the-loon-clan/loon-site/web/handlers/catalog_web.go:44.32,45.53 1 0
github.com/the-loon-clan/loon-site/web/handlers/catalog_web.go:45.53,46.53 1 0
github.com/the-loon-clan/loon-site/web/handlers/catalog_web.go:46.53,48.5 1 0
github.com/the-loon-clan/loon-site/web/handlers/catalog_web.go:51.2,51.39 1 0
github.com/the-loon-clan/loon-site/web/handlers/catalog_web.go:96.83,98.16 2 0
github.com/the-loon-clan/loon-site/web/handlers/catalog_web.go:98.16,100.3 1 0
github.com/the-loon-clan/loon-site/web/handlers/catalog_web.go:101.2,112.16 2 0
github.com/the-loon-clan/loon-site/web/handlers/catalog_web.go:112.16,114.3 1 0
github.com/the-loon-clan/loon-site/web/handlers/catalog_web.go:115.2,115.15 1 0
github.com/the-loon-clan/loon-site/web/handlers/catalog_web.go:115.15,115.35 1 0
github.com/the-loon-clan/loon-site/web/handlers/catalog_web.go:117.2,119.18 3 0
github.com/the-loon-clan/loon-site/web/handlers/catalog_web.go:119.18,121.65 2 0
github.com/the-loon-clan/loon-site/web/handlers/catalog_web.go:121.65,123.4 1 0
github.com/the-loon-clan/loon-site/web/handlers/catalog_web.go:124.3,125.16 2 0
github.com/the-loon-clan/loon-site/web/handlers/catalog_web.go:127.2,127.35 1 0
github.com/the-loon-clan/loon-site/web/handlers/catalog_web.go:127.35,129.3 1 0
github.com/the-loon-clan/loon-site/web/handlers/catalog_web.go:131.2,132.17 2 0
github.com/the-loon-clan/loon-site/web/handlers/catalog_web.go:141.67,142.22 1 1
github.com/the-loon-clan/loon-site/web/handlers/catalog_web.go:142.22,144.3 1 1
github.com/the-loon-clan/loon-site/web/handlers/catalog_web.go:145.2,145.15 1 1
github.com/the-loon-clan/loon-site/web/handlers/catalog_web.go:155.75,159.40 3 0
github.com/the-loon-clan/loon-site/web/handlers/catalog_web.go:159.40,161.3 1 0
github.com/the-loon-clan/loon-site/web/handlers/catalog_web.go:162.2,163.12 2 0
github.com/the-loon-clan/loon-site/web/handlers/catalog_web.go:163.12,165.3 1 0
github.com/the-loon-clan/loon-site/web/handlers/catalog_web.go:166.2,166.15 1 0
github.com/the-loon-clan/loon-site/web/handlers/catalog_web.go:169.79,175.2 2 0
github.com/the-loon-clan/loon-site/web/handlers/catalog_web.go:184.86,185.28 1 0
github.com/the-loon-clan/loon-site/web/handlers/catalog_web.go:185.28,187.3 1 0
github.com/the-loon-clan/loon-site/web/handlers/catalog_web.go:188.2,189.20 2 0
github.com/the-loon-clan/loon-site/web/handlers/catalog_web.go:189.20,194.3 1 0
github.com/the-loon-clan/loon-site/web/handlers/catalog_web.go:195.2,195.66 1 0
github.com/the-loon-clan/loon-site/web/handlers/catalog_web.go:217.92,218.44 1 0
github.com/the-loon-clan/loon-site/web/handlers/catalog_web.go:218.44,220.3 1 0
github.com/the-loon-clan/loon-site/web/handlers/catalog_web.go:221.2,227.16 3 0
github.com/the-loon-clan/loon-site/web/handlers/catalog_web.go:227.16,229.3 1 0
github.com/the-loon-clan/loon-site/web/handlers/catalog_web.go:230.2,230.28 1 0
github.com/the-loon-clan/loon-site/web/handlers/catalog_web.go:253.80,254.45 1 1
github.com/the-loon-clan/loon-site/web/handlers/catalog_web.go:254.45,256.3 1 0
github.com/the-loon-clan/loon-site/web/handlers/catalog_web.go:257.2,257.64 1 1
github.com/the-loon-clan/loon-site/web/handlers/catalog_web.go:257.64,259.17 2 1
github.com/the-loon-clan/loon-site/web/handlers/catalog_web.go:259.17,262.4 2 0
github.com/the-loon-clan/loon-site/web/handlers/catalog_web.go:263.3,263.16 1 1
github.com/the-loon-clan/loon-site/web/handlers/catalog_web.go:267.2,268.25 2 1
github.com/the-loon-clan/loon-site/web/handlers/catalog_web.go:268.25,269.31 1 1
github.com/the-loon-clan/loon-site/web/handlers/catalog_web.go:269.31,270.12 1 1
github.com/the-loon-clan/loon-site/web/handlers/catalog_web.go:272.3,273.17 2 1
github.com/the-loon-clan/loon-site/web/handlers/catalog_web.go:273.17,275.12 2 0
github.com/the-loon-clan/loon-site/web/handlers/catalog_web.go:277.3,277.28 1 1
github.com/the-loon-clan/loon-site/web/handlers/catalog_web.go:277.28,279.4 1 1
github.com/the-loon-clan/loon-site/web/handlers/catalog_web.go:281.2,281.12 1 1
github.com/the-loon-clan/loon-site/web/handlers/catalog_web.go:287.67,288.46 1 1
github.com/the-loon-clan/loon-site/web/handlers/catalog_web.go:288.46,290.3 1 1
github.com/the-loon-clan/loon-site/web/handlers/catalog_web.go:291.2,292.25 2 1
github.com/the-loon-clan/loon-site/web/handlers/catalog_web.go:292.25,294.3 1 1
github.com/the-loon-clan/loon-site/web/handlers/catalog_web.go:295.2,296.22 2 1
github.com/the-loon-clan/loon-site/web/handlers/catalog_web.go:296.22,298.3 1 1
github.com/the-loon-clan/loon-site/web/handlers/catalog_web.go:317.80,319.41 2 0
github.com/the-loon-clan/loon-site/web/handlers/catalog_web.go:319.41,321.3 1 0
github.com/the-loon-clan/loon-site/web/handlers/catalog_web.go:322.2,323.16 2 0
github.com/the-loon-clan/loon-site/web/handlers/catalog_web.go:323.16,326.3 2 0
github.com/the-loon-clan/loon-site/web/handlers/catalog_web.go:327.2,328.28 2 0
github.com/the-loon-clan/loon-site/web/handlers/catalog_wiring.go:34.61,48.60 3 0
github.com/the-loon-clan/loon-site/web/handlers/catalog_wiring.go:48.60,57.23 1 0
github.com/the-loon-clan/loon-site/web/handlers/catalog_wiring.go:57.23,59.4 1 0
github.com/the-loon-clan/loon-site/web/handlers/catalog_wiring.go:60.3,60.49 1 0
github.com/the-loon-clan/loon-site/web/handlers/catalog_wiring.go:60.49,63.4 2 0
github.com/the-loon-clan/loon-site/web/handlers/catalog_wiring.go:64.3,65.14 2 0
github.com/the-loon-clan/loon-site/web/handlers/catalog_wiring.go:68.2,83.64 3 0
github.com/the-loon-clan/loon-site/web/handlers/catalog_wiring.go:83.64,84.65 1 0
github.com/the-loon-clan/loon-site/web/handlers/catalog_wiring.go:84.65,86.4 1 0
github.com/the-loon-clan/loon-site/web/handlers/catalog_wiring.go:88.2,88.13 1 0
github.com/the-loon-clan/loon-site/web/handlers/catalog_wiring.go:88.13,91.3 2 0
github.com/the-loon-clan/loon-site/web/handlers/catalog_wiring.go:99.2,99.62 1 0
github.com/the-loon-clan/loon-site/web/handlers/catalog_wiring.go:99.62,101.3 1 0
github.com/the-loon-clan/loon-site/web/handlers/catalog_wiring.go:106.2,108.34 2 0
github.com/the-loon-clan/loon-site/web/handlers/catalog_wiring.go:108.34,110.3 1 0
github.com/the-loon-clan/loon-site/web/handlers/catalog_wiring.go:113.2,114.67 2 0
github.com/the-loon-clan/loon-site/web/handlers/catalog_wiring.go:114.67,117.3 2 0
github.com/the-loon-clan/loon-site/web/handlers/cheatqueue_web.go:36.45,37.62 1 0
github.com/the-loon-clan/loon-site/web/handlers/cheatqueue_web.go:37.62,39.3 1 0
github.com/the-loon-clan/loon-site/web/handlers/cheatqueue_web.go:40.2,40.83 1 0
github.com/the-loon-clan/loon-site/web/handlers/cheatqueue_web.go:44.46,47.15 3 0
github.com/the-loon-clan/loon-site/web/handlers/cheatqueue_web.go:47.15,54.3 3 0
github.com/the-loon-clan/loon-site/web/handlers/cheatqueue_web.go:55.2,56.16 2 0
github.com/the-loon-clan/loon-site/web/handlers/cheatqueue_web.go:56.16,61.3 4 0
github.com/the-loon-clan/loon-site/web/handlers/cheatqueue_web.go:62.2,64.39 3 0
github.com/the-loon-clan/loon-site/web/handlers/cheatqueue_web.go:77.47,79.9 2 0
github.com/the-loon-clan/loon-site/web/handlers/cheatqueue_web.go:79.9,81.3 1 0
github.com/the-loon-clan/loon-site/web/handlers/cheatqueue_web.go:82.2,83.15 2 0
github.com/the-loon-clan/loon-site/web/handlers/cheatqueue_web.go:83.15,86.3 2 0
github.com/the-loon-clan/loon-site/web/handlers/cheatqueue_web.go:89.2,91.13 3 0
github.com/the-loon-clan/loon-site/web/handlers/cheatqueue_web.go:91.13,94.3 2 0
github.com/the-loon-clan/loon-site/web/handlers/cheatqueue_web.go:95.2,95.77 1 0
github.com/the-loon-clan/loon-site/web/handlers/cheatqueue_web.go:95.77,97.3 1 0
github.com/the-loon-clan/loon-site/web/handlers/cheatqueue_web.go:98.2,98.54 1 0
github.com/the-loon-clan/loon-site/web/handlers/communities_web.go:31.56,32.52 1 0
github.com/the-loon-clan/loon-site/web/handlers/communities_web.go:32.52,33.53 1 0
github.com/the-loon-clan/loon-site/web/handlers/communities_web.go:33.53,35.4 1 0
github.com/the-loon-clan/loon-site/web/handlers/communities_web.go:37.2,38.54 1 0
github.com/the-loon-clan/loon-site/web/handlers/communities_web.go:38.54,38.88 1 0
github.com/the-loon-clan/loon-site/web/handlers/communities_web.go:44.44,45.16 1 0
github.com/the-loon-clan/loon-site/web/handlers/communities_web.go:45.16,47.5 1 0
github.com/the-loon-clan/loon-site/web/handlers/communities_web.go:48.4,48.32 1 0
github.com/the-loon-clan/loon-site/web/handlers/communities_web.go:50.72,52.4 1 0
github.com/the-loon-clan/loon-site/web/handlers/communities_web.go:57.2,57.12 1 0
github.com/the-loon-clan/loon-site/web/handlers/communitymod_web.go:102.118,103.21 1 0
github.com/the-loon-clan/loon-site/web/handlers/communitymod_web.go:103.21,105.3 1 0
github.com/the-loon-clan/loon-site/web/handlers/communitymod_web.go:106.2,106.29 1 0
github.com/the-loon-clan/loon-site/web/handlers/communitymod_web.go:106.29,108.3 1 0
github.com/the-loon-clan/loon-site/web/handlers/communitymod_web.go:109.2,110.18 2 0
github.com/the-loon-clan/loon-site/web/handlers/communitymod_web.go:110.18,112.3 1 0
github.com/the-loon-clan/loon-site/web/handlers/communitymod_web.go:113.2,114.23 2 0
github.com/the-loon-clan/loon-site/web/handlers/communitymod_web.go:114.23,116.3 1 0
github.com/the-loon-clan/loon-site/web/handlers/communitymod_web.go:118.2,124.9 3 0
github.com/the-loon-clan/loon-site/web/handlers/communitymod_web.go:125.18,129.53 1 0
github.com/the-loon-clan/loon-site/web/handlers/communitymod_web.go:130.37,135.43 1 0
github.com/the-loon-clan/loon-site/web/handlers/communitymod_web.go:135.43,137.4 1 0
github.com/the-loon-clan/loon-site/web/handlers/communitymod_web.go:138.3,138.54 1 0
github.com/the-loon-clan/loon-site/web/handlers/communitymod_web.go:139.10,140.20 1 0
github.com/the-loon-clan/loon-site/web/handlers/communitymod_web.go:146.86,153.2 2 0
github.com/the-loon-clan/loon-site/web/handlers/communitymod_web.go:166.63,171.68 2 0
github.com/the-loon-clan/loon-site/web/handlers/communitymod_web.go:171.68,173.3 1 0
github.com/the-loon-clan/loon-site/web/handlers/communitymod_web.go:174.2,174.55 1 0
github.com/the-loon-clan/loon-site/web/handlers/communitymod_web.go:174.55,176.3 1 0
github.com/the-loon-clan/loon-site/web/handlers/communitymod_web.go:177.2,177.12 1 0
github.com/the-loon-clan/loon-site/web/handlers/communitymod_web.go:194.45,196.24 2 1
github.com/the-loon-clan/loon-site/web/handlers/communitymod_web.go:196.24,198.3 1 1
github.com/the-loon-clan/loon-site/web/handlers/communitymod_web.go:199.2,199.9 1 1
github.com/the-loon-clan/loon-site/web/handlers/communitymod_web.go:200.56,201.27 1 1
github.com/the-loon-clan/loon-site/web/handlers/communitymod_web.go:202.54,203.24 1 1
github.com/the-loon-clan/loon-site/web/handlers/communitymod_web.go:205.2,205.11 1 1
github.com/the-loon-clan/loon-site/web/handlers/communitymod_web.go:213.102,220.23 2 0
github.com/the-loon-clan/loon-site/web/handlers/communitymod_web.go:220.23,224.3 1 0
github.com/the-loon-clan/loon-site/web/handlers/communitymod_web.go:225.2,225.37 1 0
github.com/the-loon-clan/loon-site/web/handlers/communitymod_web.go:225.37,226.69 1 0
github.com/the-loon-clan/loon-site/web/handlers/communitymod_web.go:226.69,228.4 1 0
github.com/the-loon-clan/loon-site/web/handlers/communitymod_web.go:230.2,231.17 2 0
github.com/the-loon-clan/loon-site/web/handlers/communitymod_web.go:231.17,233.3 1 0
github.com/the-loon-clan/loon-site/web/handlers/communitymod_web.go:234.2,238.12 2 0
github.com/the-loon-clan/loon-site/web/handlers/communitymod_web.go:243.88,244.14 1 0
github.com/the-loon-clan/loon-site/web/handlers/communitymod_web.go:245.22,250.13 2 0
github.com/the-loon-clan/loon-site/web/handlers/communitymod_web.go:254.2,254.70 1 0
github.com/the-loon-clan/loon-site/web/handlers/communitymod_web.go:258.89,259.21 1 0
github.com/the-loon-clan/loon-site/web/handlers/communitymod_web.go:259.21,261.3 1 0
github.com/the-loon-clan/loon-site/web/handlers/communitymod_web.go:264.2,265.13 2 0
github.com/the-loon-clan/loon-site/web/handlers/communitymod_web.go:265.13,267.3 1 0
github.com/the-loon-clan/loon-site/web/handlers/communitymod_web.go:268.2,285.28 2 0
github.com/the-loon-clan/loon-site/web/handlers/communitymod_web.go:285.28,288.3 2 0
github.com/the-loon-clan/loon-site/web/handlers/communitymod_web.go:289.2,289.20 1 0
github.com/the-loon-clan/loon-site/web/handlers/communitymod_web.go:289.20,291.3 1 0
github.com/the-loon-clan/loon-site/web/handlers/communitymod_web.go:294.2,299.18 3 0
github.com/the-loon-clan/loon-site/web/handlers/communitymod_web.go:299.18,302.3 1 0
github.com/the-loon-clan/loon-site/web/handlers/communitymod_web.go:303.2,303.26 1 0
github.com/the-loon-clan/loon-site/web/handlers/communitymod_web.go:303.26,305.3 1 0
github.com/the-loon-clan/loon-site/web/handlers/communitymod_web.go:306.2,306.22 1 0
github.com/the-loon-clan/loon-site/web/handlers/communitymod_web.go:306.22,309.65 3 0
github.com/the-loon-clan/loon-site/web/handlers/communitymod_web.go:309.65,311.4 1 0
github.com/the-loon-clan/loon-site/web/handlers/communitymod_web.go:313.2,313.13 1 0
github.com/the-loon-clan/loon-site/web/handlers/communitymod_web.go:317.48,319.9 2 0
github.com/the-loon-clan/loon-site/web/handlers/communitymod_web.go:319.9,321.3 1 0
github.com/the-loon-clan/loon-site/web/handlers/communitymod_web.go:322.2,326.23 3 0
github.com/the-loon-clan/loon-site/web/handlers/communitymod_web.go:326.23,328.3 1 0
github.com/the-loon-clan/loon-site/web/handlers/communitymod_web.go:329.2,337.4 1 0
github.com/the-loon-clan/loon-site/web/handlers/communitymod_web.go:341.48,343.9 2 0
github.com/the-loon-clan/loon-site/web/handlers/communitymod_web.go:343.9,345.3 1 0
github.com/the-loon-clan/loon-site/web/handlers/communitymod_web.go:346.2,349.13 4 0
github.com/the-loon-clan/loon-site/web/handlers/communitymod_web.go:349.13,352.3 2 0
github.com/the-loon-clan/loon-site/web/handlers/communitymod_web.go:357.2,357.59 1 0
github.com/the-loon-clan/loon-site/web/handlers/communitymod_web.go:357.59,359.22 2 0
github.com/the-loon-clan/loon-site/web/handlers/communitymod_web.go:359.22,361.4 1 0
github.com/the-loon-clan/loon-site/web/handlers/communitymod_web.go:362.3,362.59 1 0
github.com/the-loon-clan/loon-site/web/handlers/communitymod_web.go:362.59,366.4 3 0
github.com/the-loon-clan/loon-site/web/handlers/communitymod_web.go:367.3,369.9 3 0
github.com/the-loon-clan/loon-site/web/handlers/communitymod_web.go:374.2,375.15 2 0
github.com/the-loon-clan/loon-site/web/handlers/communitymod_web.go:375.15,378.3 2 0
github.com/the-loon-clan/loon-site/web/handlers/communitymod_web.go:379.2,379.21 1 0
github.com/the-loon-clan/loon-site/web/handlers/communitymod_web.go:379.21,382.3 2 0
github.com/the-loon-clan/loon-site/web/handlers/communitymod_web.go:383.2,383.71 1 0
github.com/the-loon-clan/loon-site/web/handlers/communitymod_web.go:383.71,387.3 3 0
github.com/the-loon-clan/loon-site/web/handlers/communitymod_web.go:388.2,388.42 1 0
github.com/the-loon-clan/loon-site/web/handlers/communitymod_web.go:388.42,390.3 1 0
github.com/the-loon-clan/loon-site/web/handlers/communitymod_web.go:391.2,391.56 1 0
github.com/the-loon-clan/loon-site/web/handlers/communitymod_web.go:395.48,397.9 2 0
github.com/the-loon-clan/loon-site/web/handlers/communitymod_web.go:397.9,399.3 1 0
github.com/the-loon-clan/loon-site/web/handlers/communitymod_web.go:400.2,402.34 3 0
github.com/the-loon-clan/loon-site/web/handlers/communitymod_web.go:402.34,405.3 2 0
github.com/the-loon-clan/loon-site/web/handlers/communitymod_web.go:406.2,408.16 3 0
github.com/the-loon-clan/loon-site/web/handlers/communitymod_web.go:408.16,411.3 2 0
github.com/the-loon-clan/loon-site/web/handlers/communitymod_web.go:412.2,413.12 2 0
github.com/the-loon-clan/loon-site/web/handlers/communitymod_web.go:413.12,416.3 2 0
github.com/the-loon-clan/loon-site/web/handlers/communitymod_web.go:417.2,417.61 1 0
github.com/the-loon-clan/loon-site/web/handlers/contracts_web.go:68.91,69.17 1 0
github.com/the-loon-clan/loon-site/web/handlers/contracts_web.go:69.17,71.3 1 0
github.com/the-loon-clan/loon-site/web/handlers/contracts_web.go:72.2,73.14 2 0
github.com/the-loon-clan/loon-site/web/handlers/contracts_web.go:73.14,74.40 1 0
github.com/the-loon-clan/loon-site/web/handlers/contracts_web.go:74.40,76.4 1 0
github.com/the-loon-clan/loon-site/web/handlers/contracts_web.go:78.2,82.44 5 0
github.com/the-loon-clan/loon-site/web/handlers/contracts_web.go:82.44,82.80 1 0
github.com/the-loon-clan/loon-site/web/handlers/contracts_web.go:83.2,83.12 1 0
github.com/the-loon-clan/loon-site/web/handlers/contracts_web.go:93.109,100.59 2 0
github.com/the-loon-clan/loon-site/web/handlers/contracts_web.go:100.59,102.3 1 0
github.com/the-loon-clan/loon-site/web/handlers/contracts_web.go:103.2,104.26 2 0
github.com/the-loon-clan/loon-site/web/handlers/contracts_web.go:104.26,106.22 2 0
github.com/the-loon-clan/loon-site/web/handlers/contracts_web.go:106.22,107.12 1 0
github.com/the-loon-clan/loon-site/web/handlers/contracts_web.go:109.3,115.5 1 0
github.com/the-loon-clan/loon-site/web/handlers/contracts_web.go:117.2,117.12 1 0
github.com/the-loon-clan/loon-site/web/handlers/contracts_web.go:125.114,129.60 2 0
github.com/the-loon-clan/loon-site/web/handlers/contracts_web.go:129.60,131.3 1 0
github.com/the-loon-clan/loon-site/web/handlers/contracts_web.go:132.2,133.28 2 0
github.com/the-loon-clan/loon-site/web/handlers/contracts_web.go:133.28,135.22 2 0
github.com/the-loon-clan/loon-site/web/handlers/contracts_web.go:135.22,136.12 1 0
github.com/the-loon-clan/loon-site/web/handlers/contracts_web.go:138.3,144.5 1 0
github.com/the-loon-clan/loon-site/web/handlers/contracts_web.go:146.2,146.12 1 0
github.com/the-loon-clan/loon-site/web/handlers/contracts_web.go:164.79,167.72 2 0
github.com/the-loon-clan/loon-site/web/handlers/contracts_web.go:167.72,169.3 1 0
github.com/the-loon-clan/loon-site/web/handlers/contracts_web.go:172.2,175.81 2 0
github.com/the-loon-clan/loon-site/web/handlers/contracts_web.go:175.81,177.3 1 0
github.com/the-loon-clan/loon-site/web/handlers/contracts_web.go:178.2,179.29 2 0
github.com/the-loon-clan/loon-site/web/handlers/contracts_web.go:179.29,181.3 1 0
github.com/the-loon-clan/loon-site/web/handlers/contracts_web.go:183.2,184.48 2 0
github.com/the-loon-clan/loon-site/web/handlers/contracts_web.go:184.48,187.12 3 0
github.com/the-loon-clan/loon-site/web/handlers/contracts_web.go:187.12,188.12 1 0
github.com/the-loon-clan/loon-site/web/handlers/contracts_web.go:190.3,192.52 3 0
github.com/the-loon-clan/loon-site/web/handlers/contracts_web.go:192.52,193.12 1 0
github.com/the-loon-clan/loon-site/web/handlers/contracts_web.go:195.3,202.5 1 0
github.com/the-loon-clan/loon-site/web/handlers/contracts_web.go:204.2,204.12 1 0
github.com/the-loon-clan/loon-site/web/handlers/contracts_web.go:212.104,214.26 2 0
github.com/the-loon-clan/loon-site/web/handlers/contracts_web.go:214.26,216.3 1 0
github.com/the-loon-clan/loon-site/web/handlers/contracts_web.go:217.2,217.21 1 0
github.com/the-loon-clan/loon-site/web/handlers/contracts_web.go:217.21,219.3 1 0
github.com/the-loon-clan/loon-site/web/handlers/contracts_web.go:220.2,220.14 1 0
github.com/the-loon-clan/loon-site/web/handlers/contracts_web.go:240.46,250.2 2 0
github.com/the-loon-clan/loon-site/web/handlers/contracts_web.go:255.35,261.2 1 0
github.com/the-loon-clan/loon-site/web/handlers/covercache_web.go:87.34,94.2 1 1
github.com/the-loon-clan/loon-site/web/handlers/covercache_web.go:100.74,101.30 1 1
github.com/the-loon-clan/loon-site/web/handlers/covercache_web.go:101.30,103.3 1 1
github.com/the-loon-clan/loon-site/web/handlers/covercache_web.go:107.2,107.41 1 1
github.com/the-loon-clan/loon-site/web/handlers/covercache_web.go:107.41,109.3 1 1
github.com/the-loon-clan/loon-site/web/handlers/covercache_web.go:110.2,111.79 2 1
github.com/the-loon-clan/loon-site/web/handlers/covercache_web.go:111.79,114.3 1 1
github.com/the-loon-clan/loon-site/web/handlers/covercache_web.go:116.2,116.21 1 1
github.com/the-loon-clan/loon-site/web/handlers/covercache_web.go:117.19,118.16 1 1
github.com/the-loon-clan/loon-site/web/handlers/covercache_web.go:119.24,123.31 1 1
github.com/the-loon-clan/loon-site/web/handlers/covercache_web.go:123.31,125.4 1 1
github.com/the-loon-clan/loon-site/web/handlers/covercache_web.go:131.2,136.14 4 1
github.com/the-loon-clan/loon-site/web/handlers/covercache_web.go:136.14,140.3 3 1
github.com/the-loon-clan/loon-site/web/handlers/covercache_web.go:141.2,143.13 2 1
github.com/the-loon-clan/loon-site/web/handlers/covercache_web.go:143.13,145.19 2 1
github.com/the-loon-clan/loon-site/web/handlers/covercache_web.go:145.19,147.4 1 0
github.com/the-loon-clan/loon-site/web/handlers/covercache_web.go:148.3,148.15 1 1
github.com/the-loon-clan/loon-site/web/handlers/covercache_web.go:151.2,159.16 7 1
github.com/the-loon-clan/loon-site/web/handlers/covercache_web.go:159.16,161.3 1 1
github.com/the-loon-clan/loon-site/web/handlers/covercache_web.go:162.2,162.14 1 1
github.com/the-loon-clan/loon-site/web/handlers/covercache_web.go:171.43,172.31 1 1
github.com/the-loon-clan/loon-site/web/handlers/covercache_web.go:172.31,174.3 1 1
github.com/the-loon-clan/loon-site/web/handlers/covercache_web.go:175.2,175.15 1 1
github.com/the-loon-clan/loon-site/web/handlers/covercache_web.go:185.73,187.16 2 1
github.com/the-loon-clan/loon-site/web/handlers/covercache_web.go:187.16,189.3 1 0
github.com/the-loon-clan/loon-site/web/handlers/covercache_web.go:190.2,192.16 3 1
github.com/the-loon-clan/loon-site/web/handlers/covercache_web.go:192.16,194.3 1 0
github.com/the-loon-clan/loon-site/web/handlers/covercache_web.go:195.2,195.15 1 1
github.com/the-loon-clan/loon-site/web/handlers/covercache_web.go:195.15,195.40 1 1
github.com/the-loon-clan/loon-site/web/handlers/covercache_web.go:196.2,197.41 2 1
github.com/the-loon-clan/loon-site/web/handlers/covercache_web.go:201.86,203.16 2 1
github.com/the-loon-clan/loon-site/web/handlers/covercache_web.go:203.16,205.3 1 0
github.com/the-loon-clan/loon-site/web/handlers/covercache_web.go:209.2,213.16 4 1
github.com/the-loon-clan/loon-site/web/handlers/covercache_web.go:213.16,215.3 1 0
github.com/the-loon-clan/loon-site/web/handlers/covercache_web.go:216.2,216.15 1 1
github.com/the-loon-clan/loon-site/web/handlers/covercache_web.go:216.15,216.40 1 1
github.com/the-loon-clan/loon-site/web/handlers/covercache_web.go:217.2,217.38 1 1
github.com/the-loon-clan/loon-site/web/handlers/covercache_web.go:217.38,219.3 1 1
github.com/the-loon-clan/loon-site/web/handlers/covercache_web.go:222.2,223.16 2 1
github.com/the-loon-clan/loon-site/web/handlers/covercache_web.go:223.16,225.3 1 0
github.com/the-loon-clan/loon-site/web/handlers/covercache_web.go:226.2,226.31 1 1
github.com/the-loon-clan/loon-site/web/handlers/covercache_web.go:226.31,228.3 1 1
github.com/the-loon-clan/loon-site/web/handlers/covercache_web.go:229.2,229.20 1 1
github.com/the-loon-clan/loon-site/web/handlers/covercache_web.go:229.20,231.3 1 1
github.com/the-loon-clan/loon-site/web/handlers/covercache_web.go:236.2,237.16 2 1
github.com/the-loon-clan/loon-site/web/handlers/covercache_web.go:237.16,239.3 1 1
github.com/the-loon-clan/loon-site/web/handlers/covercache_web.go:240.2,240.63 1 1
github.com/the-loon-clan/loon-site/web/handlers/covercache_web.go:255.90,256.47 1 0
github.com/the-loon-clan/loon-site/web/handlers/covercache_web.go:256.47,258.3 1 0
github.com/the-loon-clan/loon-site/web/handlers/covercache_web.go:259.2,267.6 5 0
github.com/the-loon-clan/loon-site/web/handlers/covercache_web.go:267.6,268.10 1 0
github.com/the-loon-clan/loon-site/web/handlers/covercache_web.go:269.21,270.10 1 0
github.com/the-loon-clan/loon-site/web/handlers/covercache_web.go:271.17,271.17 0 0
github.com/the-loon-clan/loon-site/web/handlers/covercache_web.go:273.3,274.10 2 0
github.com/the-loon-clan/loon-site/web/handlers/covercache_web.go:274.10,275.30 1 0
github.com/the-loon-clan/loon-site/web/handlers/covercache_web.go:275.30,277.5 1 0
github.com/the-loon-clan/loon-site/web/handlers/covercache_web.go:278.4,278.10 1 0
github.com/the-loon-clan/loon-site/web/handlers/covercache_web.go:280.3,281.22 2 0
github.com/the-loon-clan/loon-site/web/handlers/covercache_web.go:281.22,284.12 3 0
github.com/the-loon-clan/loon-site/web/handlers/covercache_web.go:286.3,286.73 1 0
github.com/the-loon-clan/loon-site/web/handlers/covercache_web.go:286.73,290.12 4 0
github.com/the-loon-clan/loon-site/web/handlers/covercache_web.go:292.3,292.9 1 0
github.com/the-loon-clan/loon-site/web/handlers/covercache_web.go:302.88,311.16 3 0
github.com/the-loon-clan/loon-site/web/handlers/covercache_web.go:311.16,313.3 1 0
github.com/the-loon-clan/loon-site/web/handlers/covercache_web.go:314.2,314.25 1 0
github.com/the-loon-clan/loon-site/web/handlers/covercache_web.go:325.38,328.2 2 1
github.com/the-loon-clan/loon-site/web/handlers/covermode_web.go:60.13,60.53 1 1
github.com/the-loon-clan/loon-site/web/handlers/covermode_web.go:63.25,65.13 2 1
github.com/the-loon-clan/loon-site/web/handlers/covermode_web.go:65.13,67.3 1 1
github.com/the-loon-clan/loon-site/web/handlers/covermode_web.go:68.2,68.10 1 1
github.com/the-loon-clan/loon-site/web/handlers/covermode_web.go:75.36,76.11 1 1
github.com/the-loon-clan/loon-site/web/handlers/covermode_web.go:77.67,78.14 1 1
github.com/the-loon-clan/loon-site/web/handlers/covermode_web.go:80.2,80.14 1 1
github.com/the-loon-clan/loon-site/web/handlers/covermode_web.go:84.38,85.11 1 1
github.com/the-loon-clan/loon-site/web/handlers/covermode_web.go:86.19,87.46 1 1
github.com/the-loon-clan/loon-site/web/handlers/covermode_web.go:88.18,89.55 1 1
github.com/the-loon-clan/loon-site/web/handlers/covermode_web.go:90.24,91.41 1 1
github.com/the-loon-clan/loon-site/web/handlers/covermode_web.go:92.24,93.41 1 1
github.com/the-loon-clan/loon-site/web/handlers/covermode_web.go:95.2,95.10 1 0
github.com/the-loon-clan/loon-site/web/handlers/covermode_web.go:100.28,102.2 1 1
github.com/the-loon-clan/loon-site/web/handlers/covermode_web.go:113.64,115.89 2 1
github.com/the-loon-clan/loon-site/web/handlers/covermode_web.go:115.89,117.3 1 0
github.com/the-loon-clan/loon-site/web/handlers/covermode_web.go:118.2,119.16 2 1
github.com/the-loon-clan/loon-site/web/handlers/covermode_web.go:119.16,121.3 1 0
github.com/the-loon-clan/loon-site/web/handlers/covermode_web.go:122.2,122.34 1 1
github.com/the-loon-clan/loon-site/web/handlers/covermode_web.go:122.34,124.3 1 0
github.com/the-loon-clan/loon-site/web/handlers/covermode_web.go:125.2,125.12 1 1
github.com/the-loon-clan/loon-site/web/handlers/covermode_web.go:129.60,130.27 1 0
github.com/the-loon-clan/loon-site/web/handlers/covermode_web.go:130.27,132.3 1 0
github.com/the-loon-clan/loon-site/web/handlers/covermode_web.go:133.2,133.83 1 0
github.com/the-loon-clan/loon-site/web/handlers/covermode_web.go:133.83,135.3 1 0
github.com/the-loon-clan/loon-site/web/handlers/covermode_web.go:136.2,137.12 2 0
github.com/the-loon-clan/loon-site/web/handlers/coversadmin_web.go:18.43,25.33 4 0
github.com/the-loon-clan/loon-site/web/handlers/coversadmin_web.go:25.33,27.3 1 0
github.com/the-loon-clan/loon-site/web/handlers/coversadmin_web.go:28.2,34.4 1 0
github.com/the-loon-clan/loon-site/web/handlers/coversadmin_web.go:38.47,41.65 3 0
github.com/the-loon-clan/loon-site/web/handlers/coversadmin_web.go:41.65,47.3 3 0
github.com/the-loon-clan/loon-site/web/handlers/coversadmin_web.go:48.2,49.55 2 0
github.com/the-loon-clan/loon-site/web/handlers/credits_web.go:93.13,93.54 1 1
github.com/the-loon-clan/loon-site/web/handlers/credits_web.go:101.43,104.30 3 1
github.com/the-loon-clan/loon-site/web/handlers/credits_web.go:104.30,106.26 2 1
github.com/the-loon-clan/loon-site/web/handlers/credits_web.go:106.26,107.12 1 1
github.com/the-loon-clan/loon-site/web/handlers/credits_web.go:109.3,110.23 2 1
github.com/the-loon-clan/loon-site/web/handlers/credits_web.go:112.2,112.26 1 1
github.com/the-loon-clan/loon-site/web/handlers/credits_web.go:116.37,119.2 2 1
github.com/the-loon-clan/loon-site/web/handlers/credits_web.go:127.43,132.2 1 0
github.com/the-loon-clan/loon-site/web/handlers/credits_web.go:146.49,147.14 1 1
github.com/the-loon-clan/loon-site/web/handlers/credits_web.go:147.14,149.3 1 1
github.com/the-loon-clan/loon-site/web/handlers/credits_web.go:150.2,151.18 2 1
github.com/the-loon-clan/loon-site/web/handlers/credits_web.go:152.84,153.19 1 1
github.com/the-loon-clan/loon-site/web/handlers/credits_web.go:155.2,155.14 1 0
github.com/the-loon-clan/loon-site/web/handlers/dashboard_web.go:43.46,50.26 5 1
github.com/the-loon-clan/loon-site/web/handlers/dashboard_web.go:50.26,51.49 1 0
github.com/the-loon-clan/loon-site/web/handlers/dashboard_web.go:51.49,53.4 1 0
github.com/the-loon-clan/loon-site/web/handlers/dashboard_web.go:54.3,54.15 1 0
github.com/the-loon-clan/loon-site/web/handlers/dashboard_web.go:54.15,56.4 1 0
github.com/the-loon-clan/loon-site/web/handlers/dashboard_web.go:57.3,57.24 1 0
github.com/the-loon-clan/loon-site/web/handlers/dashboard_web.go:57.24,59.4 1 0
github.com/the-loon-clan/loon-site/web/handlers/dashboard_web.go:61.2,65.17 2 1
github.com/the-loon-clan/loon-site/web/handlers/dashboard_web.go:65.17,70.3 1 0
github.com/the-loon-clan/loon-site/web/handlers/dashboard_web.go:71.2,71.16 1 1
github.com/the-loon-clan/loon-site/web/handlers/dashboard_web.go:71.16,75.3 1 0
github.com/the-loon-clan/loon-site/web/handlers/dashboard_web.go:78.2,78.17 1 1
github.com/the-loon-clan/loon-site/web/handlers/dashboard_web.go:78.17,82.3 1 0
github.com/the-loon-clan/loon-site/web/handlers/dashboard_web.go:86.2,99.34 4 1
github.com/the-loon-clan/loon-site/web/handlers/dashboard_web.go:99.34,103.3 1 0
github.com/the-loon-clan/loon-site/web/handlers/dashboard_web.go:115.2,115.21 1 1
github.com/the-loon-clan/loon-site/web/handlers/dashboard_web.go:115.21,116.38 1 0
github.com/the-loon-clan/loon-site/web/handlers/dashboard_web.go:116.38,120.4 1 0
github.com/the-loon-clan/loon-site/web/handlers/dashboard_web.go:127.2,127.19 1 1
github.com/the-loon-clan/loon-site/web/handlers/dashboard_web.go:127.19,128.55 1 0
github.com/the-loon-clan/loon-site/web/handlers/dashboard_web.go:128.55,132.4 1 0
github.com/the-loon-clan/loon-site/web/handlers/dashboard_web.go:138.2,138.23 1 1
github.com/the-loon-clan/loon-site/web/handlers/dashboard_web.go:138.23,139.65 1 0
github.com/the-loon-clan/loon-site/web/handlers/dashboard_web.go:139.65,142.30 3 0
github.com/the-loon-clan/loon-site/web/handlers/dashboard_web.go:142.30,143.48 1 0
github.com/the-loon-clan/loon-site/web/handlers/dashboard_web.go:143.48,145.6 1 0
github.com/the-loon-clan/loon-site/web/handlers/dashboard_web.go:147.4,147.15 1 0
github.com/the-loon-clan/loon-site/web/handlers/dashboard_web.go:147.15,152.5 1 0
github.com/the-loon-clan/loon-site/web/handlers/dashboard_web.go:156.2,158.4 1 1
github.com/the-loon-clan/loon-site/web/handlers/dashboard_web.go:171.96,172.19 1 1
github.com/the-loon-clan/loon-site/web/handlers/dashboard_web.go:172.19,174.3 1 1
github.com/the-loon-clan/loon-site/web/handlers/dashboard_web.go:175.2,176.9 2 0
github.com/the-loon-clan/loon-site/web/handlers/dashboard_web.go:176.9,178.3 1 0
github.com/the-loon-clan/loon-site/web/handlers/dashboard_web.go:179.2,179.16 1 0
github.com/the-loon-clan/loon-site/web/handlers/dashboard_web.go:182.32,183.16 1 1
github.com/the-loon-clan/loon-site/web/handlers/dashboard_web.go:183.16,185.3 1 1
github.com/the-loon-clan/loon-site/web/handlers/dashboard_web.go:186.2,186.34 1 0
github.com/the-loon-clan/loon-site/web/handlers/dashboard_web.go:189.25,192.11 2 1
github.com/the-loon-clan/loon-site/web/handlers/dashboard_web.go:192.11,194.3 1 1
github.com/the-loon-clan/loon-site/web/handlers/dashboard_web.go:195.2,195.12 1 1
github.com/the-loon-clan/loon-site/web/handlers/dashboard_web.go:195.12,197.3 1 1
github.com/the-loon-clan/loon-site/web/handlers/dashboard_web.go:198.2,198.25 1 1
github.com/the-loon-clan/loon-site/web/handlers/dashboard_web.go:198.25,199.24 1 1
github.com/the-loon-clan/loon-site/web/handlers/dashboard_web.go:199.24,201.4 1 1
github.com/the-loon-clan/loon-site/web/handlers/dashboard_web.go:202.3,203.10 2 1
github.com/the-loon-clan/loon-site/web/handlers/dashboard_web.go:205.2,205.10 1 1
github.com/the-loon-clan/loon-site/web/handlers/dashboard_web.go:210.54,214.38 2 0
github.com/the-loon-clan/loon-site/web/handlers/dashboard_web.go:214.38,214.91 1 0
github.com/the-loon-clan/loon-site/web/handlers/demoseed_web.go:41.50,42.17 1 0
github.com/the-loon-clan/loon-site/web/handlers/demoseed_web.go:42.17,44.3 1 0
github.com/the-loon-clan/loon-site/web/handlers/demoseed_web.go:46.2,48.19 3 0
github.com/the-loon-clan/loon-site/web/handlers/demoseed_web.go:58.51,60.81 2 0
github.com/the-loon-clan/loon-site/web/handlers/demoseed_web.go:60.81,62.3 1 0
github.com/the-loon-clan/loon-site/web/handlers/demoseed_web.go:74.2,82.17 1 0
github.com/the-loon-clan/loon-site/web/handlers/demoseed_web.go:82.17,85.3 2 0
github.com/the-loon-clan/loon-site/web/handlers/demoseed_web.go:86.2,86.44 1 0
github.com/the-loon-clan/loon-site/web/handlers/demoseed_web.go:95.51,97.80 2 0
github.com/the-loon-clan/loon-site/web/handlers/demoseed_web.go:97.80,99.3 1 0
github.com/the-loon-clan/loon-site/web/handlers/demoseed_web.go:102.2,107.66 1 0
github.com/the-loon-clan/loon-site/web/handlers/demoseed_web.go:107.66,109.3 1 0
github.com/the-loon-clan/loon-site/web/handlers/demoseed_web.go:110.2,115.63 1 0
github.com/the-loon-clan/loon-site/web/handlers/demoseed_web.go:115.63,117.3 1 0
github.com/the-loon-clan/loon-site/web/handlers/demoseed_web.go:121.2,124.63 1 0
github.com/the-loon-clan/loon-site/web/handlers/demoseed_web.go:124.63,126.3 1 0
github.com/the-loon-clan/loon-site/web/handlers/demoseed_web.go:127.2,127.37 1 0
github.com/the-loon-clan/loon-site/web/handlers/demoseed_web.go:137.50,139.79 2 0
github.com/the-loon-clan/loon-site/web/handlers/demoseed_web.go:139.79,141.3 1 0
github.com/the-loon-clan/loon-site/web/handlers/demoseed_web.go:142.2,162.17 1 0
github.com/the-loon-clan/loon-site/web/handlers/demoseed_web.go:162.17,165.3 2 0
github.com/the-loon-clan/loon-site/web/handlers/demoseed_web.go:166.2,166.48 1 0
github.com/the-loon-clan/loon-site/web/handlers/donations_web.go:56.83,59.26 3 1
github.com/the-loon-clan/loon-site/web/handlers/donations_web.go:59.26,63.3 1 1
github.com/the-loon-clan/loon-site/web/handlers/donations_web.go:64.2,64.15 1 0
github.com/the-loon-clan/loon-site/web/handlers/donations_web.go:68.80,73.2 2 0
github.com/the-loon-clan/loon-site/web/handlers/donations_web.go:78.54,80.16 2 0
github.com/the-loon-clan/loon-site/web/handlers/donations_web.go:80.16,81.51 1 0
github.com/the-loon-clan/loon-site/web/handlers/donations_web.go:81.51,83.4 1 0
github.com/the-loon-clan/loon-site/web/handlers/donations_web.go:86.3,86.23 1 0
github.com/the-loon-clan/loon-site/web/handlers/donations_web.go:86.23,87.99 1 0
github.com/the-loon-clan/loon-site/web/handlers/donations_web.go:87.99,89.5 1 0
github.com/the-loon-clan/loon-site/web/handlers/donations_web.go:93.2,94.54 1 0
github.com/the-loon-clan/loon-site/web/handlers/donations_web.go:94.54,94.88 1 0
github.com/the-loon-clan/loon-site/web/handlers/donations_web.go:99.32,99.82 1 0
github.com/the-loon-clan/loon-site/web/handlers/donations_web.go:100.67,101.25 1 0
github.com/the-loon-clan/loon-site/web/handlers/donations_web.go:101.25,107.5 1 0
github.com/the-loon-clan/loon-site/web/handlers/donations_web.go:108.4,109.19 2 0
github.com/the-loon-clan/loon-site/web/handlers/donations_web.go:109.19,111.5 1 0
github.com/the-loon-clan/loon-site/web/handlers/donations_web.go:112.4,113.15 2 0
github.com/the-loon-clan/loon-site/web/handlers/donations_web.go:113.15,115.5 1 0
github.com/the-loon-clan/loon-site/web/handlers/donations_web.go:116.4,116.64 1 0
github.com/the-loon-clan/loon-site/web/handlers/donations_web.go:118.72,120.30 2 0
github.com/the-loon-clan/loon-site/web/handlers/donations_web.go:120.30,122.5 1 0
github.com/the-loon-clan/loon-site/web/handlers/donations_web.go:123.4,123.36 1 0
github.com/the-loon-clan/loon-site/web/handlers/donations_web.go:125.72,130.30 2 0
github.com/the-loon-clan/loon-site/web/handlers/donations_web.go:130.30,132.5 1 0
github.com/the-loon-clan/loon-site/web/handlers/donations_web.go:133.4,133.35 1 0
github.com/the-loon-clan/loon-site/web/handlers/donations_web.go:136.2,136.12 1 0
github.com/the-loon-clan/loon-site/web/handlers/externals_web.go:45.45,48.35 1 1
github.com/the-loon-clan/loon-site/web/handlers/externals_web.go:48.35,50.4 1 1
github.com/the-loon-clan/loon-site/web/handlers/externals_web.go:51.3,51.66 1 1
github.com/the-loon-clan/loon-site/web/handlers/externals_web.go:53.48,55.38 2 1
github.com/the-loon-clan/loon-site/web/handlers/externals_web.go:55.38,57.4 1 1
github.com/the-loon-clan/loon-site/web/handlers/externals_web.go:58.3,58.73 1 1
github.com/the-loon-clan/loon-site/web/handlers/externals_web.go:60.51,63.22 2 1
github.com/the-loon-clan/loon-site/web/handlers/externals_web.go:63.22,65.4 1 0
github.com/the-loon-clan/loon-site/web/handlers/externals_web.go:66.3,66.77 1 1
github.com/the-loon-clan/loon-site/web/handlers/externals_web.go:68.49,70.3 1 1
github.com/the-loon-clan/loon-site/web/handlers/externals_web.go:71.47,73.3 1 1
github.com/the-loon-clan/loon-site/web/handlers/externals_web.go:74.51,76.3 1 0
github.com/the-loon-clan/loon-site/web/handlers/externals_web.go:77.51,79.3 1 0
github.com/the-loon-clan/loon-site/web/handlers/externals_web.go:80.57,85.3 1 1
github.com/the-loon-clan/loon-site/web/handlers/externals_web.go:86.66,90.3 1 1
github.com/the-loon-clan/loon-site/web/handlers/externals_web.go:91.57,93.3 1 1
github.com/the-loon-clan/loon-site/web/handlers/externals_web.go:94.53,96.3 1 0
github.com/the-loon-clan/loon-site/web/handlers/externals_web.go:97.55,99.3 1 1
github.com/the-loon-clan/loon-site/web/handlers/externals_web.go:100.60,102.3 1 1
github.com/the-loon-clan/loon-site/web/handlers/externals_web.go:103.45,105.3 1 0
github.com/the-loon-clan/loon-site/web/handlers/externals_web.go:106.59,108.3 1 0
github.com/the-loon-clan/loon-site/web/handlers/externals_web.go:109.50,111.3 1 0
github.com/the-loon-clan/loon-site/web/handlers/externals_web.go:120.85,121.44 1 0
github.com/the-loon-clan/loon-site/web/handlers/externals_web.go:121.44,123.3 1 0
github.com/the-loon-clan/loon-site/web/handlers/externals_web.go:124.2,136.16 2 0
github.com/the-loon-clan/loon-site/web/handlers/externals_web.go:136.16,138.3 1 0
github.com/the-loon-clan/loon-site/web/handlers/externals_web.go:139.2,139.15 1 0
github.com/the-loon-clan/loon-site/web/handlers/externals_web.go:139.15,139.35 1 0
github.com/the-loon-clan/loon-site/web/handlers/externals_web.go:141.2,143.18 3 0
github.com/the-loon-clan/loon-site/web/handlers/externals_web.go:143.18,145.48 2 0
github.com/the-loon-clan/loon-site/web/handlers/externals_web.go:145.48,147.4 1 0
github.com/the-loon-clan/loon-site/web/handlers/externals_web.go:148.3,149.26 2 0
github.com/the-loon-clan/loon-site/web/handlers/externals_web.go:149.26,151.4 1 0
github.com/the-loon-clan/loon-site/web/handlers/externals_web.go:153.2,153.23 1 0
github.com/the-loon-clan/loon-site/web/handlers/externals_web.go:153.23,155.3 1 0
github.com/the-loon-clan/loon-site/web/handlers/externals_web.go:156.2,156.38 1 0
github.com/the-loon-clan/loon-site/web/handlers/externals_web.go:161.76,166.69 1 1
github.com/the-loon-clan/loon-site/web/handlers/externals_web.go:166.69,170.25 2 1
github.com/the-loon-clan/loon-site/web/handlers/externals_web.go:170.25,172.4 1 1
github.com/the-loon-clan/loon-site/web/handlers/externals_web.go:173.3,174.15 2 1
github.com/the-loon-clan/loon-site/web/handlers/externals_web.go:176.2,177.37 2 1
github.com/the-loon-clan/loon-site/web/handlers/externals_web.go:177.37,179.22 2 1
github.com/the-loon-clan/loon-site/web/handlers/externals_web.go:179.22,180.12 1 1
github.com/the-loon-clan/loon-site/web/handlers/externals_web.go:182.3,182.80 1 1
github.com/the-loon-clan/loon-site/web/handlers/externals_web.go:184.2,184.12 1 1
github.com/the-loon-clan/loon-site/web/handlers/filters_web.go:50.48,58.32 3 1
github.com/the-loon-clan/loon-site/web/handlers/filters_web.go:58.32,59.22 1 1
github.com/the-loon-clan/loon-site/web/handlers/filters_web.go:59.22,61.9 2 1
github.com/the-loon-clan/loon-site/web/handlers/filters_web.go:64.2,64.12 1 1
github.com/the-loon-clan/loon-site/web/handlers/filters_web.go:64.12,66.3 1 1
github.com/the-loon-clan/loon-site/web/handlers/filters_web.go:67.2,67.10 1 1
github.com/the-loon-clan/loon-site/web/handlers/filters_web.go:72.38,74.2 1 1
github.com/the-loon-clan/loon-site/web/handlers/filters_web.go:79.60,81.25 2 1
github.com/the-loon-clan/loon-site/web/handlers/filters_web.go:81.25,82.75 1 1
github.com/the-loon-clan/loon-site/web/handlers/filters_web.go:82.75,83.12 1 1
github.com/the-loon-clan/loon-site/web/handlers/filters_web.go:85.3,85.63 1 1
github.com/the-loon-clan/loon-site/web/handlers/filters_web.go:85.63,86.12 1 1
github.com/the-loon-clan/loon-site/web/handlers/filters_web.go:88.3,88.60 1 1
github.com/the-loon-clan/loon-site/web/handlers/filters_web.go:88.60,89.12 1 1
github.com/the-loon-clan/loon-site/web/handlers/filters_web.go:91.3,91.23 1 1
github.com/the-loon-clan/loon-site/web/handlers/filters_web.go:93.2,93.16 1 1
github.com/the-loon-clan/loon-site/web/handlers/filters_web.go:94.16,95.45 1 1
github.com/the-loon-clan/loon-site/web/handlers/filters_web.go:95.45,95.94 1 1
github.com/the-loon-clan/loon-site/web/handlers/filters_web.go:96.16,100.45 1 1
github.com/the-loon-clan/loon-site/web/handlers/filters_web.go:100.45,101.60 1 1
github.com/the-loon-clan/loon-site/web/handlers/filters_web.go:101.60,103.5 1 1
github.com/the-loon-clan/loon-site/web/handlers/filters_web.go:104.4,104.50 1 1
github.com/the-loon-clan/loon-site/web/handlers/filters_web.go:106.17,107.45 1 1
github.com/the-loon-clan/loon-site/web/handlers/filters_web.go:107.45,107.91 1 1
github.com/the-loon-clan/loon-site/web/handlers/filters_web.go:108.18,109.45 1 1
github.com/the-loon-clan/loon-site/web/handlers/filters_web.go:109.45,109.91 1 1
github.com/the-loon-clan/loon-site/web/handlers/filters_web.go:110.15,111.45 1 1
github.com/the-loon-clan/loon-site/web/handlers/filters_web.go:111.45,111.83 1 1
github.com/the-loon-clan/loon-site/web/handlers/filters_web.go:112.15,113.45 1 1
github.com/the-loon-clan/loon-site/web/handlers/filters_web.go:113.45,115.4 1 1
github.com/the-loon-clan/loon-site/web/handlers/filters_web.go:117.2,117.12 1 1
github.com/the-loon-clan/loon-site/web/handlers/filters_web.go:147.92,149.43 2 1
github.com/the-loon-clan/loon-site/web/handlers/filters_web.go:149.43,149.92 1 1
github.com/the-loon-clan/loon-site/web/handlers/filters_web.go:150.2,150.69 1 1
github.com/the-loon-clan/loon-site/web/handlers/filters_web.go:150.69,152.3 1 1
github.com/the-loon-clan/loon-site/web/handlers/filters_web.go:153.2,154.32 2 1
github.com/the-loon-clan/loon-site/web/handlers/filters_web.go:154.32,158.3 1 1
github.com/the-loon-clan/loon-site/web/handlers/filters_web.go:159.2,160.33 2 1
github.com/the-loon-clan/loon-site/web/handlers/filters_web.go:160.33,162.3 1 1
github.com/the-loon-clan/loon-site/web/handlers/filters_web.go:163.2,170.3 1 1
github.com/the-loon-clan/loon-site/web/handlers/filters_web.go:177.67,179.25 2 1
github.com/the-loon-clan/loon-site/web/handlers/filters_web.go:179.25,180.25 1 1
github.com/the-loon-clan/loon-site/web/handlers/filters_web.go:180.25,182.4 1 1
github.com/the-loon-clan/loon-site/web/handlers/filters_web.go:183.3,183.21 1 1
github.com/the-loon-clan/loon-site/web/handlers/filters_web.go:183.21,185.4 1 1
github.com/the-loon-clan/loon-site/web/handlers/filters_web.go:186.3,186.20 1 1
github.com/the-loon-clan/loon-site/web/handlers/filters_web.go:186.20,188.4 1 1
github.com/the-loon-clan/loon-site/web/handlers/filters_web.go:190.2,190.22 1 1
github.com/the-loon-clan/loon-site/web/handlers/filters_web.go:208.91,210.28 2 1
github.com/the-loon-clan/loon-site/web/handlers/filters_web.go:210.28,211.26 1 1
github.com/the-loon-clan/loon-site/web/handlers/filters_web.go:211.26,213.4 1 1
github.com/the-loon-clan/loon-site/web/handlers/filters_web.go:215.2,215.29 1 1
github.com/the-loon-clan/loon-site/web/handlers/filters_web.go:215.29,216.30 1 1
github.com/the-loon-clan/loon-site/web/handlers/filters_web.go:216.30,218.4 1 1
github.com/the-loon-clan/loon-site/web/handlers/filters_web.go:220.2,225.36 6 1
github.com/the-loon-clan/loon-site/web/handlers/filters_web.go:225.36,227.3 1 1
github.com/the-loon-clan/loon-site/web/handlers/filters_web.go:228.2,228.30 1 1
github.com/the-loon-clan/loon-site/web/handlers/filters_web.go:228.30,230.3 1 1
github.com/the-loon-clan/loon-site/web/handlers/filters_web.go:231.2,231.13 1 1
github.com/the-loon-clan/loon-site/web/handlers/filters_web.go:239.108,241.29 2 1
github.com/the-loon-clan/loon-site/web/handlers/filters_web.go:241.29,247.3 1 1
github.com/the-loon-clan/loon-site/web/handlers/filters_web.go:248.2,248.38 1 1
github.com/the-loon-clan/loon-site/web/handlers/filters_web.go:248.38,249.35 1 1
github.com/the-loon-clan/loon-site/web/handlers/filters_web.go:249.35,251.4 1 1
github.com/the-loon-clan/loon-site/web/handlers/filters_web.go:252.3,252.37 1 1
github.com/the-loon-clan/loon-site/web/handlers/filters_web.go:254.2,254.18 1 1
github.com/the-loon-clan/loon-site/web/handlers/filters_web.go:254.18,256.3 1 1
github.com/the-loon-clan/loon-site/web/handlers/filters_web.go:257.2,257.12 1 1
github.com/the-loon-clan/loon-site/web/handlers/filters_web.go:264.61,266.26 2 0
github.com/the-loon-clan/loon-site/web/handlers/filters_web.go:266.26,267.50 1 0
github.com/the-loon-clan/loon-site/web/handlers/filters_web.go:267.50,269.4 1 0
github.com/the-loon-clan/loon-site/web/handlers/filters_web.go:271.2,271.10 1 0
github.com/the-loon-clan/loon-site/web/handlers/filters_web.go:312.87,313.35 1 0
github.com/the-loon-clan/loon-site/web/handlers/filters_web.go:313.35,315.29 2 0
github.com/the-loon-clan/loon-site/web/handlers/filters_web.go:315.29,316.27 1 0
github.com/the-loon-clan/loon-site/web/handlers/filters_web.go:316.27,318.5 1 0
github.com/the-loon-clan/loon-site/web/handlers/filters_web.go:320.3,320.100 1 0
github.com/the-loon-clan/loon-site/web/handlers/filters_web.go:320.100,321.17 1 0
github.com/the-loon-clan/loon-site/web/handlers/filters_web.go:321.17,323.5 1 0
github.com/the-loon-clan/loon-site/web/handlers/filters_web.go:325.3,325.17 1 0
github.com/the-loon-clan/loon-site/web/handlers/filters_web.go:325.17,327.4 1 0
github.com/the-loon-clan/loon-site/web/handlers/filters_web.go:328.3,328.31 1 0
github.com/the-loon-clan/loon-site/web/handlers/filters_web.go:328.31,330.4 1 0
github.com/the-loon-clan/loon-site/web/handlers/filters_web.go:331.3,331.14 1 0
github.com/the-loon-clan/loon-site/web/handlers/filters_web.go:333.2,333.60 1 0
github.com/the-loon-clan/loon-site/web/handlers/filters_web.go:333.60,335.31 2 0
github.com/the-loon-clan/loon-site/web/handlers/filters_web.go:335.31,336.19 1 0
github.com/the-loon-clan/loon-site/web/handlers/filters_web.go:336.19,339.29 2 0
github.com/the-loon-clan/loon-site/web/handlers/filters_web.go:339.29,341.6 1 0
github.com/the-loon-clan/loon-site/web/handlers/filters_web.go:341.11,343.6 1 0
github.com/the-loon-clan/loon-site/web/handlers/filters_web.go:344.5,344.13 1 0
github.com/the-loon-clan/loon-site/web/handlers/filters_web.go:347.3,348.11 2 0
github.com/the-loon-clan/loon-site/web/handlers/filters_web.go:350.2,355.3 1 0
github.com/the-loon-clan/loon-site/web/handlers/follows_web.go:23.44,25.9 2 0
github.com/the-loon-clan/loon-site/web/handlers/follows_web.go:25.9,27.3 1 0
github.com/the-loon-clan/loon-site/web/handlers/follows_web.go:28.2,30.34 3 0
github.com/the-loon-clan/loon-site/web/handlers/follows_web.go:30.34,33.3 2 0
github.com/the-loon-clan/loon-site/web/handlers/follows_web.go:34.2,34.91 1 0
github.com/the-loon-clan/loon-site/web/handlers/follows_web.go:34.91,36.3 1 0
github.com/the-loon-clan/loon-site/web/handlers/follows_web.go:37.2,37.45 1 0
github.com/the-loon-clan/loon-site/web/handlers/follows_web.go:46.67,47.30 1 1
github.com/the-loon-clan/loon-site/web/handlers/follows_web.go:47.30,51.35 4 0
github.com/the-loon-clan/loon-site/web/handlers/follows_web.go:51.35,55.4 3 0
github.com/the-loon-clan/loon-site/web/handlers/follows_web.go:56.3,57.15 2 0
github.com/the-loon-clan/loon-site/web/handlers/follows_web.go:58.28,59.70 1 0
github.com/the-loon-clan/loon-site/web/handlers/follows_web.go:60.26,61.66 1 0
github.com/the-loon-clan/loon-site/web/handlers/follows_web.go:63.3,68.5 1 0
github.com/the-loon-clan/loon-site/web/handlers/forum_web.go:37.51,39.85 2 1
github.com/the-loon-clan/loon-site/web/handlers/forum_web.go:39.85,41.3 1 1
github.com/the-loon-clan/loon-site/web/handlers/forum_web.go:42.2,43.88 2 0
github.com/the-loon-clan/loon-site/web/handlers/forum_web.go:43.88,45.3 1 0
github.com/the-loon-clan/loon-site/web/handlers/forum_web.go:46.2,52.40 2 0
github.com/the-loon-clan/loon-site/web/handlers/forum_web.go:52.40,55.3 2 0
github.com/the-loon-clan/loon-site/web/handlers/forum_web.go:56.2,56.28 1 0
github.com/the-loon-clan/loon-site/web/handlers/forum_web.go:56.28,58.3 1 0
github.com/the-loon-clan/loon-site/web/handlers/forum_web.go:59.2,59.90 1 0
github.com/the-loon-clan/loon-site/web/handlers/forum_web.go:59.90,61.96 2 0
github.com/the-loon-clan/loon-site/web/handlers/forum_web.go:61.96,63.4 1 0
github.com/the-loon-clan/loon-site/web/handlers/forum_web.go:64.3,66.80 2 0
github.com/the-loon-clan/loon-site/web/handlers/forum_web.go:66.80,69.4 2 0
github.com/the-loon-clan/loon-site/web/handlers/forum_web.go:70.3,71.40 1 0
github.com/the-loon-clan/loon-site/web/handlers/forum_web.go:71.40,73.4 1 0
github.com/the-loon-clan/loon-site/web/handlers/forum_web.go:74.3,74.18 1 0
github.com/the-loon-clan/loon-site/web/handlers/forum_web.go:74.18,76.43 1 0
github.com/the-loon-clan/loon-site/web/handlers/forum_web.go:76.43,78.5 1 0
github.com/the-loon-clan/loon-site/web/handlers/forum_web.go:79.4,79.108 1 0
github.com/the-loon-clan/loon-site/web/handlers/forum_web.go:82.2,90.57 4 0
github.com/the-loon-clan/loon-site/web/handlers/forum_web.go:151.66,152.23 1 1
github.com/the-loon-clan/loon-site/web/handlers/forum_web.go:152.23,154.3 1 1
github.com/the-loon-clan/loon-site/web/handlers/forum_web.go:155.2,156.40 2 0
github.com/the-loon-clan/loon-site/web/handlers/forum_web.go:156.40,158.3 1 0
github.com/the-loon-clan/loon-site/web/handlers/forum_web.go:159.2,160.84 2 0
github.com/the-loon-clan/loon-site/web/handlers/forum_web.go:160.84,162.3 1 0
github.com/the-loon-clan/loon-site/web/handlers/forum_web.go:162.8,164.24 2 0
github.com/the-loon-clan/loon-site/web/handlers/forum_web.go:164.24,177.4 1 0
github.com/the-loon-clan/loon-site/web/handlers/forum_web.go:179.2,179.86 1 0
github.com/the-loon-clan/loon-site/web/handlers/forum_web.go:179.86,181.3 1 0
github.com/the-loon-clan/loon-site/web/handlers/forum_web.go:181.8,183.25 2 0
github.com/the-loon-clan/loon-site/web/handlers/forum_web.go:183.25,189.4 1 0
github.com/the-loon-clan/loon-site/web/handlers/forum_web.go:195.2,195.16 1 0
github.com/the-loon-clan/loon-site/web/handlers/forum_web.go:195.16,197.3 1 0
github.com/the-loon-clan/loon-site/web/handlers/forum_web.go:198.2,198.55 1 0
github.com/the-loon-clan/loon-site/web/handlers/forum_web.go:217.85,219.15 2 1
github.com/the-loon-clan/loon-site/web/handlers/forum_web.go:219.15,221.3 1 0
github.com/the-loon-clan/loon-site/web/handlers/forum_web.go:222.2,222.14 1 1
github.com/the-loon-clan/loon-site/web/handlers/forum_web.go:222.14,224.3 1 0
github.com/the-loon-clan/loon-site/web/handlers/forum_web.go:225.2,225.18 1 1
github.com/the-loon-clan/loon-site/web/handlers/forum_web.go:225.18,227.3 1 0
github.com/the-loon-clan/loon-site/web/handlers/forum_web.go:228.2,229.36 2 1
github.com/the-loon-clan/loon-site/web/handlers/forum_web.go:229.36,231.3 1 0
github.com/the-loon-clan/loon-site/web/handlers/forum_web.go:232.2,232.79 1 1
github.com/the-loon-clan/loon-site/web/handlers/forum_web.go:240.41,240.62 1 0
github.com/the-loon-clan/loon-site/web/handlers/forum_web.go:241.41,241.73 1 0
github.com/the-loon-clan/loon-site/web/handlers/forum_web.go:242.41,242.62 1 0
github.com/the-loon-clan/loon-site/web/handlers/forum_web.go:243.41,243.62 1 0
github.com/the-loon-clan/loon-site/web/handlers/forum_web.go:257.70,259.16 2 0
github.com/the-loon-clan/loon-site/web/handlers/forum_web.go:259.16,261.3 1 0
github.com/the-loon-clan/loon-site/web/handlers/forum_web.go:262.2,262.57 1 0
github.com/the-loon-clan/loon-site/web/handlers/forum_web.go:269.71,279.16 2 0
github.com/the-loon-clan/loon-site/web/handlers/forum_web.go:279.16,281.3 1 0
github.com/the-loon-clan/loon-site/web/handlers/forum_web.go:282.2,283.20 2 0
github.com/the-loon-clan/loon-site/web/handlers/forum_web.go:283.20,285.3 1 0
github.com/the-loon-clan/loon-site/web/handlers/forum_web.go:288.2,288.37 1 0
github.com/the-loon-clan/loon-site/web/handlers/forum_web.go:288.37,290.3 1 0
github.com/the-loon-clan/loon-site/web/handlers/forum_web.go:292.2,301.54 1 0
github.com/the-loon-clan/loon-site/web/handlers/forum_web.go:301.54,303.28 2 0
github.com/the-loon-clan/loon-site/web/handlers/forum_web.go:303.28,305.5 1 0
github.com/the-loon-clan/loon-site/web/handlers/forum_web.go:306.4,307.15 2 0
github.com/the-loon-clan/loon-site/web/handlers/forum_web.go:310.60,312.4 1 0
github.com/the-loon-clan/loon-site/web/handlers/forum_web.go:314.2,314.12 1 0
github.com/the-loon-clan/loon-site/web/handlers/forum_web.go:323.78,324.42 1 0
github.com/the-loon-clan/loon-site/web/handlers/forum_web.go:324.42,326.3 1 0
github.com/the-loon-clan/loon-site/web/handlers/forum_web.go:327.2,332.15 3 0
github.com/the-loon-clan/loon-site/web/handlers/forumactivity_web.go:25.61,26.30 1 1
github.com/the-loon-clan/loon-site/web/handlers/forumactivity_web.go:26.30,28.10 2 0
github.com/the-loon-clan/loon-site/web/handlers/forumactivity_web.go:28.10,30.4 1 0
github.com/the-loon-clan/loon-site/web/handlers/forumactivity_web.go:31.3,34.12 3 0
github.com/the-loon-clan/loon-site/web/handlers/forumactivity_web.go:34.12,36.4 1 0
github.com/the-loon-clan/loon-site/web/handlers/forumactivity_web.go:37.3,45.5 1 0
github.com/the-loon-clan/loon-site/web/handlers/gifts_web.go:34.41,36.9 2 1
github.com/the-loon-clan/loon-site/web/handlers/gifts_web.go:36.9,38.3 1 0
github.com/the-loon-clan/loon-site/web/handlers/gifts_web.go:39.2,51.4 2 1
github.com/the-loon-clan/loon-site/web/handlers/gifts_web.go:55.41,57.9 2 0
github.com/the-loon-clan/loon-site/web/handlers/gifts_web.go:57.9,59.3 1 0
github.com/the-loon-clan/loon-site/web/handlers/gifts_web.go:60.2,68.46 5 0
github.com/the-loon-clan/loon-site/web/handlers/gifts_web.go:68.46,71.3 2 0
github.com/the-loon-clan/loon-site/web/handlers/gifts_web.go:72.2,74.33 3 0
github.com/the-loon-clan/loon-site/web/handlers/gifts_web.go:74.33,80.3 2 0
github.com/the-loon-clan/loon-site/web/handlers/gifts_web.go:81.2,81.85 1 0
github.com/the-loon-clan/loon-site/web/handlers/gifts_web.go:81.85,84.3 2 0
github.com/the-loon-clan/loon-site/web/handlers/gifts_web.go:85.2,86.82 2 0
github.com/the-loon-clan/loon-site/web/handlers/hitrun_web.go:43.66,48.71 1 0
github.com/the-loon-clan/loon-site/web/handlers/hitrun_web.go:48.71,50.4 1 0
github.com/the-loon-clan/loon-site/web/handlers/hitrun_web.go:53.42,53.68 1 0
github.com/the-loon-clan/loon-site/web/handlers/hitrun_web.go:58.71,61.4 2 0
github.com/the-loon-clan/loon-site/web/handlers/hitrun_web.go:64.76,67.4 1 0
github.com/the-loon-clan/loon-site/web/handlers/hitrun_web.go:68.73,71.4 1 0
github.com/the-loon-clan/loon-site/web/handlers/hitrun_web.go:75.69,81.4 2 0
github.com/the-loon-clan/loon-site/web/handlers/hitrun_web.go:85.109,86.28 1 0
github.com/the-loon-clan/loon-site/web/handlers/hitrun_web.go:86.28,88.3 1 0
github.com/the-loon-clan/loon-site/web/handlers/hitrun_web.go:89.2,91.17 1 0
github.com/the-loon-clan/loon-site/web/handlers/hitrun_web.go:91.17,93.3 1 0
github.com/the-loon-clan/loon-site/web/handlers/hitrun_web.go:109.49,110.30 1 0
github.com/the-loon-clan/loon-site/web/handlers/hitrun_web.go:110.30,112.64 1 0
github.com/the-loon-clan/loon-site/web/handlers/hitrun_web.go:112.64,115.4 2 0
github.com/the-loon-clan/loon-site/web/handlers/hitrun_web.go:116.3,117.46 2 0
github.com/the-loon-clan/loon-site/web/handlers/hitrun_web.go:117.46,120.4 2 0
github.com/the-loon-clan/loon-site/web/handlers/hitrun_web.go:121.3,128.17 3 0
github.com/the-loon-clan/loon-site/web/handlers/hitrun_web.go:128.17,135.4 2 0
github.com/the-loon-clan/loon-site/web/handlers/hitrun_web.go:136.3,136.55 1 0
github.com/the-loon-clan/loon-site/web/handlers/hitrun_web.go:136.55,139.4 2 0
github.com/the-loon-clan/loon-site/web/handlers/hitrun_web.go:140.3,144.12 2 0
github.com/the-loon-clan/loon-site/web/handlers/hitrun_web.go:157.35,157.60 1 0
github.com/the-loon-clan/loon-site/web/handlers/hitrun_web.go:161.36,173.2 2 0
github.com/the-loon-clan/loon-site/web/handlers/hitrun_web.go:187.49,189.9 2 0
github.com/the-loon-clan/loon-site/web/handlers/hitrun_web.go:189.9,191.3 1 0
github.com/the-loon-clan/loon-site/web/handlers/hitrun_web.go:192.2,193.9 2 0
github.com/the-loon-clan/loon-site/web/handlers/hitrun_web.go:193.9,195.3 1 0
github.com/the-loon-clan/loon-site/web/handlers/hitrun_web.go:196.2,196.12 1 0
github.com/the-loon-clan/loon-site/web/handlers/hitrun_web.go:205.30,207.71 1 0
github.com/the-loon-clan/loon-site/web/handlers/hitrun_web.go:207.71,209.4 1 0
github.com/the-loon-clan/loon-site/web/handlers/hitrun_web.go:219.33,221.71 1 0
github.com/the-loon-clan/loon-site/web/handlers/hitrun_web.go:221.71,223.4 1 0
github.com/the-loon-clan/loon-site/web/handlers/inputs.go:60.63,66.2 5 0
github.com/the-loon-clan/loon-site/web/handlers/inputs.go:74.51,77.65 2 1
github.com/the-loon-clan/loon-site/web/handlers/inputs.go:77.65,80.3 2 1
github.com/the-loon-clan/loon-site/web/handlers/inputs.go:81.2,81.65 1 1
github.com/the-loon-clan/loon-site/web/handlers/inputs.go:81.65,83.3 1 1
github.com/the-loon-clan/loon-site/web/handlers/inputs.go:86.2,86.20 1 1
github.com/the-loon-clan/loon-site/web/handlers/inputs.go:86.20,89.3 2 1
github.com/the-loon-clan/loon-site/web/handlers/inputs.go:91.2,91.29 1 1
github.com/the-loon-clan/loon-site/web/handlers/inputs.go:91.29,93.3 1 1
github.com/the-loon-clan/loon-site/web/handlers/inputs.go:94.2,94.10 1 1
github.com/the-loon-clan/loon-site/web/handlers/inputs.go:100.47,102.2 1 1
github.com/the-loon-clan/loon-site/web/handlers/inputs.go:113.57,118.2 4 0
github.com/the-loon-clan/loon-site/web/handlers/inputs.go:131.48,136.2 4 1
github.com/the-loon-clan/loon-site/web/handlers/inputs.go:138.44,138.87 1 0
github.com/the-loon-clan/loon-site/web/handlers/inputs.go:149.55,152.2 2 0
github.com/the-loon-clan/loon-site/web/handlers/inputs.go:161.47,167.20 3 1
github.com/the-loon-clan/loon-site/web/handlers/inputs.go:167.20,169.3 1 1
github.com/the-loon-clan/loon-site/web/handlers/inputs.go:170.2,171.10 2 1
github.com/the-loon-clan/loon-site/web/handlers/inputs.go:174.43,174.86 1 0
github.com/the-loon-clan/loon-site/web/handlers/inputs.go:184.55,187.2 2 0
github.com/the-loon-clan/loon-site/web/handlers/inputs.go:195.47,197.77 2 1
github.com/the-loon-clan/loon-site/web/handlers/inputs.go:197.77,199.3 1 1
github.com/the-loon-clan/loon-site/web/handlers/inputs.go:200.2,201.10 2 1
github.com/the-loon-clan/loon-site/web/handlers/inputs.go:204.43,204.79 1 0
github.com/the-loon-clan/loon-site/web/handlers/inputs.go:218.77,221.2 2 0
github.com/the-loon-clan/loon-site/web/handlers/inputs.go:229.58,229.72 1 0
github.com/the-loon-clan/loon-site/web/handlers/inputs.go:245.89,247.36 2 0
github.com/the-loon-clan/loon-site/web/handlers/inputs.go:247.36,249.3 1 0
github.com/the-loon-clan/loon-site/web/handlers/inputs.go:250.2,250.16 1 0
github.com/the-loon-clan/loon-site/web/handlers/inputs.go:256.64,256.78 1 0
github.com/the-loon-clan/loon-site/web/handlers/inputs.go:276.75,279.2 2 0
github.com/the-loon-clan/loon-site/web/handlers/inputs.go:284.57,284.71 1 0
github.com/the-loon-clan/loon-site/web/handlers/inputs.go:293.65,296.2 2 0
github.com/the-loon-clan/loon-site/web/handlers/inputs.go:302.52,302.66 1 0
github.com/the-loon-clan/loon-site/web/handlers/inputs.go:311.67,314.2 2 0
github.com/the-loon-clan/loon-site/web/handlers/inputs.go:319.53,319.67 1 0
github.com/the-loon-clan/loon-site/web/handlers/inputs.go:330.55,333.2 2 0
github.com/the-loon-clan/loon-site/web/handlers/inputs.go:335.47,335.61 1 0
github.com/the-loon-clan/loon-site/web/handlers/inputs.go:345.59,350.2 4 0
github.com/the-loon-clan/loon-site/web/handlers/inputs.go:358.49,360.65 2 0
github.com/the-loon-clan/loon-site/web/handlers/inputs.go:360.65,362.3 1 0
github.com/the-loon-clan/loon-site/web/handlers/inputs.go:363.2,363.10 1 0
github.com/the-loon-clan/loon-site/web/handlers/inputs.go:366.45,366.73 1 0
github.com/the-loon-clan/loon-site/web/handlers/inputs.go:375.57,378.2 2 0
github.com/the-loon-clan/loon-site/web/handlers/inputs.go:383.48,383.62 1 0
github.com/the-loon-clan/loon-site/web/handlers/inputs.go:393.57,396.2 2 1
github.com/the-loon-clan/loon-site/web/handlers/inputs.go:400.48,400.62 1 0
github.com/the-loon-clan/loon-site/web/handlers/inputs.go:411.67,414.2 2 0
github.com/the-loon-clan/loon-site/web/handlers/inputs.go:416.53,416.67 1 0
github.com/the-loon-clan/loon-site/web/handlers/inputs.go:425.67,428.2 2 0
github.com/the-loon-clan/loon-site/web/handlers/inputs.go:430.53,430.67 1 0
github.com/the-loon-clan/loon-site/web/handlers/inputs.go:451.71,454.2 2 0
github.com/the-loon-clan/loon-site/web/handlers/inputs.go:459.55,459.69 1 0
github.com/the-loon-clan/loon-site/web/handlers/inputs.go:467.55,468.37 1 0
github.com/the-loon-clan/loon-site/web/handlers/inputs.go:468.37,470.3 1 0
github.com/the-loon-clan/loon-site/web/handlers/inputs.go:471.2,471.19 1 0
github.com/the-loon-clan/loon-site/web/handlers/inputs.go:471.19,473.3 1 0
github.com/the-loon-clan/loon-site/web/handlers/inputs.go:474.2,474.11 1 0
github.com/the-loon-clan/loon-site/web/handlers/inputs_admin.go:32.67,35.2 2 0
github.com/the-loon-clan/loon-site/web/handlers/inputs_admin.go:37.53,37.67 1 0
github.com/the-loon-clan/loon-site/web/handlers/inputs_admin.go:48.67,51.2 2 0
github.com/the-loon-clan/loon-site/web/handlers/inputs_admin.go:59.53,59.67 1 0
github.com/the-loon-clan/loon-site/web/handlers/inputs_admin.go:68.65,71.2 2 0
github.com/the-loon-clan/loon-site/web/handlers/inputs_admin.go:76.52,76.66 1 0
github.com/the-loon-clan/loon-site/web/handlers/inputs_admin.go:95.71,98.2 2 0
github.com/the-loon-clan/loon-site/web/handlers/inputs_admin.go:103.55,103.69 1 0
github.com/the-loon-clan/loon-site/web/handlers/inputs_admin.go:113.65,116.2 2 0
github.com/the-loon-clan/loon-site/web/handlers/inputs_admin.go:118.52,118.66 1 0
github.com/the-loon-clan/loon-site/web/handlers/inputs_admin.go:125.65,128.2 2 0
github.com/the-loon-clan/loon-site/web/handlers/inputs_admin.go:130.52,130.66 1 0
github.com/the-loon-clan/loon-site/web/handlers/inputs_admin.go:144.73,147.2 2 0
github.com/the-loon-clan/loon-site/web/handlers/inputs_admin.go:152.56,152.70 1 0
github.com/the-loon-clan/loon-site/web/handlers/inputs_admin.go:159.71,162.2 2 0
github.com/the-loon-clan/loon-site/web/handlers/inputs_admin.go:165.55,165.69 1 0
github.com/the-loon-clan/loon-site/web/handlers/inputs_admin.go:178.55,181.2 2 0
github.com/the-loon-clan/loon-site/web/handlers/inputs_admin.go:185.47,185.61 1 0
github.com/the-loon-clan/loon-site/web/handlers/invitecodes_web.go:40.38,42.40 2 0
github.com/the-loon-clan/loon-site/web/handlers/invitecodes_web.go:42.40,44.3 1 0
github.com/the-loon-clan/loon-site/web/handlers/invitecodes_web.go:45.2,46.65 2 0
github.com/the-loon-clan/loon-site/web/handlers/invitecodes_web.go:50.43,52.9 2 1
github.com/the-loon-clan/loon-site/web/handlers/invitecodes_web.go:52.9,54.3 1 0
github.com/the-loon-clan/loon-site/web/handlers/invitecodes_web.go:55.2,69.4 3 1
github.com/the-loon-clan/loon-site/web/handlers/invitecodes_web.go:73.45,75.9 2 0
github.com/the-loon-clan/loon-site/web/handlers/invitecodes_web.go:75.9,77.3 1 0
github.com/the-loon-clan/loon-site/web/handlers/invitecodes_web.go:78.2,80.16 3 0
github.com/the-loon-clan/loon-site/web/handlers/invitecodes_web.go:80.16,84.3 3 0
github.com/the-loon-clan/loon-site/web/handlers/invitecodes_web.go:88.2,89.16 2 0
github.com/the-loon-clan/loon-site/web/handlers/invitecodes_web.go:89.16,93.3 3 0
github.com/the-loon-clan/loon-site/web/handlers/invitecodes_web.go:94.2,94.10 1 0
github.com/the-loon-clan/loon-site/web/handlers/invitecodes_web.go:94.10,97.3 2 0
github.com/the-loon-clan/loon-site/web/handlers/invitecodes_web.go:98.2,98.42 1 0
github.com/the-loon-clan/loon-site/web/handlers/invites_web.go:36.89,37.12 1 0
github.com/the-loon-clan/loon-site/web/handlers/invites_web.go:37.12,39.3 1 0
github.com/the-loon-clan/loon-site/web/handlers/invites_web.go:40.2,42.16 2 0
github.com/the-loon-clan/loon-site/web/handlers/invites_web.go:42.16,44.3 1 0
github.com/the-loon-clan/loon-site/web/handlers/invites_web.go:48.2,48.62 1 0
github.com/the-loon-clan/loon-site/web/handlers/invites_web.go:48.62,50.3 1 0
github.com/the-loon-clan/loon-site/web/handlers/invites_web.go:51.2,51.12 1 0
github.com/the-loon-clan/loon-site/web/handlers/invites_web.go:51.12,53.3 1 0
github.com/the-loon-clan/loon-site/web/handlers/invites_web.go:54.2,54.42 1 0
github.com/the-loon-clan/loon-site/web/handlers/invites_web.go:59.59,60.46 1 0
github.com/the-loon-clan/loon-site/web/handlers/invites_web.go:60.46,62.3 1 0
github.com/the-loon-clan/loon-site/web/handlers/invites_web.go:63.2,63.78 1 0
github.com/the-loon-clan/loon-site/web/handlers/invites_web.go:67.76,68.21 1 1
github.com/the-loon-clan/loon-site/web/handlers/invites_web.go:68.21,70.3 1 0
github.com/the-loon-clan/loon-site/web/handlers/invites_web.go:71.2,73.79 2 1
github.com/the-loon-clan/loon-site/web/handlers/invites_web.go:73.79,75.3 1 0
github.com/the-loon-clan/loon-site/web/handlers/invites_web.go:76.2,76.16 1 1
github.com/the-loon-clan/loon-site/web/handlers/invitetree_web.go:22.75,24.25 2 1
github.com/the-loon-clan/loon-site/web/handlers/invitetree_web.go:24.25,25.30 1 0
github.com/the-loon-clan/loon-site/web/handlers/invitetree_web.go:25.30,27.4 1 0
github.com/the-loon-clan/loon-site/web/handlers/invitetree_web.go:29.2,29.10 1 1
github.com/the-loon-clan/loon-site/web/handlers/joblog_web.go:50.52,57.2 1 1
github.com/the-loon-clan/loon-site/web/handlers/joblog_web.go:62.45,68.15 5 1
github.com/the-loon-clan/loon-site/web/handlers/joblog_web.go:68.15,71.3 2 1
github.com/the-loon-clan/loon-site/web/handlers/joblog_web.go:73.2,73.43 1 1
github.com/the-loon-clan/loon-site/web/handlers/joblog_web.go:73.43,77.33 2 1
github.com/the-loon-clan/loon-site/web/handlers/joblog_web.go:77.33,80.4 2 1
github.com/the-loon-clan/loon-site/web/handlers/joblog_web.go:81.3,81.9 1 1
github.com/the-loon-clan/loon-site/web/handlers/joblog_web.go:86.2,88.46 3 1
github.com/the-loon-clan/loon-site/web/handlers/joblog_web.go:96.36,97.75 1 1
github.com/the-loon-clan/loon-site/web/handlers/joblog_web.go:97.75,99.52 2 1
github.com/the-loon-clan/loon-site/web/handlers/joblog_web.go:99.52,101.4 1 1
github.com/the-loon-clan/loon-site/web/handlers/joblog_web.go:103.2,103.13 1 1
github.com/the-loon-clan/loon-site/web/handlers/joblog_web.go:106.64,107.18 1 1
github.com/the-loon-clan/loon-site/web/handlers/joblog_web.go:107.18,110.3 2 1
github.com/the-loon-clan/loon-site/web/handlers/locallink_web.go:63.29,88.2 1 1
github.com/the-loon-clan/loon-site/web/handlers/locallink_web.go:91.46,93.16 2 1
github.com/the-loon-clan/loon-site/web/handlers/locallink_web.go:93.16,95.3 1 0
github.com/the-loon-clan/loon-site/web/handlers/locallink_web.go:96.2,96.23 1 1
github.com/the-loon-clan/loon-site/web/handlers/locallink_web.go:100.47,102.16 2 1
github.com/the-loon-clan/loon-site/web/handlers/locallink_web.go:102.16,104.3 1 0
github.com/the-loon-clan/loon-site/web/handlers/locallink_web.go:105.2,105.23 1 1
github.com/the-loon-clan/loon-site/web/handlers/locallink_web.go:118.46,121.16 3 1
github.com/the-loon-clan/loon-site/web/handlers/locallink_web.go:121.16,123.3 1 0
github.com/the-loon-clan/loon-site/web/handlers/locallink_web.go:124.2,125.16 2 1
github.com/the-loon-clan/loon-site/web/handlers/locallink_web.go:125.16,127.3 1 1
github.com/the-loon-clan/loon-site/web/handlers/locallink_web.go:128.2,128.13 1 1
github.com/the-loon-clan/loon-site/web/handlers/locallink_web.go:141.65,143.35 2 0
github.com/the-loon-clan/loon-site/web/handlers/locallink_web.go:143.35,146.17 3 0
github.com/the-loon-clan/loon-site/web/handlers/locallink_web.go:146.17,148.4 1 0
github.com/the-loon-clan/loon-site/web/handlers/locallink_web.go:150.2,150.19 1 0
github.com/the-loon-clan/loon-site/web/handlers/locallink_web.go:162.76,163.47 1 0
github.com/the-loon-clan/loon-site/web/handlers/locallink_web.go:163.47,165.3 1 0
github.com/the-loon-clan/loon-site/web/handlers/locallink_web.go:166.2,167.16 2 0
github.com/the-loon-clan/loon-site/web/handlers/locallink_web.go:167.16,169.3 1 0
github.com/the-loon-clan/loon-site/web/handlers/locallink_web.go:176.2,186.16 2 0
github.com/the-loon-clan/loon-site/web/handlers/locallink_web.go:186.16,188.3 1 0
github.com/the-loon-clan/loon-site/web/handlers/locallink_web.go:189.2,194.18 3 0
github.com/the-loon-clan/loon-site/web/handlers/locallink_web.go:194.18,196.52 2 0
github.com/the-loon-clan/loon-site/web/handlers/locallink_web.go:196.52,199.4 2 0
github.com/the-loon-clan/loon-site/web/handlers/locallink_web.go:200.3,200.31 1 0
github.com/the-loon-clan/loon-site/web/handlers/locallink_web.go:202.2,203.35 2 0
github.com/the-loon-clan/loon-site/web/handlers/locallink_web.go:203.35,205.3 1 0
github.com/the-loon-clan/loon-site/web/handlers/locallink_web.go:211.2,212.22 2 0
github.com/the-loon-clan/loon-site/web/handlers/locallink_web.go:212.22,214.3 1 0
github.com/the-loon-clan/loon-site/web/handlers/locallink_web.go:215.2,216.74 1 0
github.com/the-loon-clan/loon-site/web/handlers/locallink_web.go:216.74,218.3 1 0
github.com/the-loon-clan/loon-site/web/handlers/locallink_web.go:220.2,221.28 2 0
github.com/the-loon-clan/loon-site/web/handlers/locallink_web.go:221.28,222.23 1 0
github.com/the-loon-clan/loon-site/web/handlers/locallink_web.go:222.23,224.4 1 0
github.com/the-loon-clan/loon-site/web/handlers/locallink_web.go:225.3,226.21 2 0
github.com/the-loon-clan/loon-site/web/handlers/locallink_web.go:226.21,227.12 1 0
github.com/the-loon-clan/loon-site/web/handlers/locallink_web.go:229.3,236.35 3 0
github.com/the-loon-clan/loon-site/web/handlers/locallink_web.go:236.35,237.12 1 0
github.com/the-loon-clan/loon-site/web/handlers/locallink_web.go:239.3,239.58 1 0
github.com/the-loon-clan/loon-site/web/handlers/locallink_web.go:239.58,240.12 1 0
github.com/the-loon-clan/loon-site/web/handlers/locallink_web.go:242.3,242.11 1 0
github.com/the-loon-clan/loon-site/web/handlers/locallink_web.go:244.2,244.20 1 0
github.com/the-loon-clan/loon-site/web/handlers/locallink_web.go:254.89,255.47 1 0
github.com/the-loon-clan/loon-site/web/handlers/locallink_web.go:255.47,257.3 1 0
github.com/the-loon-clan/loon-site/web/handlers/locallink_web.go:260.2,262.6 3 0
github.com/the-loon-clan/loon-site/web/handlers/locallink_web.go:262.6,263.10 1 0
github.com/the-loon-clan/loon-site/web/handlers/locallink_web.go:264.21,265.10 1 0
github.com/the-loon-clan/loon-site/web/handlers/locallink_web.go:266.18,266.18 0 0
github.com/the-loon-clan/loon-site/web/handlers/locallink_web.go:268.3,269.10 2 0
github.com/the-loon-clan/loon-site/web/handlers/locallink_web.go:270.25,271.10 1 0
github.com/the-loon-clan/loon-site/web/handlers/locallink_web.go:272.19,273.53 1 0
github.com/the-loon-clan/loon-site/web/handlers/locallink_web.go:274.14,275.75 1 0
github.com/the-loon-clan/loon-site/web/handlers/locallink_web.go:277.3,277.21 1 0
github.com/the-loon-clan/loon-site/web/handlers/main.go:91.13,101.15 4 0
github.com/the-loon-clan/loon-site/web/handlers/main.go:101.15,103.3 1 0
github.com/the-loon-clan/loon-site/web/handlers/main.go:104.2,105.16 2 0
github.com/the-loon-clan/loon-site/web/handlers/main.go:105.16,108.3 2 0
github.com/the-loon-clan/loon-site/web/handlers/main.go:113.2,138.67 4 0
github.com/the-loon-clan/loon-site/web/handlers/main.go:138.67,140.3 1 0
github.com/the-loon-clan/loon-site/web/handlers/main.go:150.2,150.46 1 0
github.com/the-loon-clan/loon-site/web/handlers/main.go:150.46,152.3 1 0
github.com/the-loon-clan/loon-site/web/handlers/main.go:162.2,163.16 2 0
github.com/the-loon-clan/loon-site/web/handlers/main.go:163.16,166.3 2 0
github.com/the-loon-clan/loon-site/web/handlers/main.go:167.2,167.66 1 0
github.com/the-loon-clan/loon-site/web/handlers/main.go:167.66,170.3 2 0
github.com/the-loon-clan/loon-site/web/handlers/main.go:171.2,197.46 7 0
github.com/the-loon-clan/loon-site/web/handlers/main.go:197.46,200.4 2 0
github.com/the-loon-clan/loon-site/web/handlers/main.go:220.2,221.16 2 0
github.com/the-loon-clan/loon-site/web/handlers/main.go:221.16,227.55 4 0
github.com/the-loon-clan/loon-site/web/handlers/main.go:227.55,233.4 2 0
github.com/the-loon-clan/loon-site/web/handlers/main.go:235.2,244.59 3 0
github.com/the-loon-clan/loon-site/web/handlers/main.go:244.59,249.3 2 0
github.com/the-loon-clan/loon-site/web/handlers/main.go:253.2,273.45 6 0
github.com/the-loon-clan/loon-site/web/handlers/main.go:273.45,276.3 2 0
github.com/the-loon-clan/loon-site/web/handlers/main.go:278.2,278.47 1 0
github.com/the-loon-clan/loon-site/web/handlers/main.go:278.47,281.3 2 0
github.com/the-loon-clan/loon-site/web/handlers/main.go:285.2,285.44 1 0
github.com/the-loon-clan/loon-site/web/handlers/main.go:285.44,288.3 2 0
github.com/the-loon-clan/loon-site/web/handlers/main.go:291.2,291.48 1 0
github.com/the-loon-clan/loon-site/web/handlers/main.go:291.48,294.3 2 0
github.com/the-loon-clan/loon-site/web/handlers/main.go:299.2,299.46 1 0
github.com/the-loon-clan/loon-site/web/handlers/main.go:299.46,302.3 2 0
github.com/the-loon-clan/loon-site/web/handlers/main.go:306.2,306.47 1 0
github.com/the-loon-clan/loon-site/web/handlers/main.go:306.47,309.3 2 0
github.com/the-loon-clan/loon-site/web/handlers/main.go:310.2,310.46 1 0
github.com/the-loon-clan/loon-site/web/handlers/main.go:310.46,313.3 2 0
github.com/the-loon-clan/loon-site/web/handlers/main.go:317.2,325.60 5 0
github.com/the-loon-clan/loon-site/web/handlers/main.go:325.60,328.3 2 0
github.com/the-loon-clan/loon-site/web/handlers/main.go:329.2,331.58 1 0
github.com/the-loon-clan/loon-site/web/handlers/main.go:331.58,333.4 1 0
github.com/the-loon-clan/loon-site/web/handlers/main.go:335.2,346.80 3 0
github.com/the-loon-clan/loon-site/web/handlers/main.go:346.80,347.53 1 0
github.com/the-loon-clan/loon-site/web/handlers/main.go:347.53,348.77 1 0
github.com/the-loon-clan/loon-site/web/handlers/main.go:348.77,351.5 2 0
github.com/the-loon-clan/loon-site/web/handlers/main.go:353.3,353.77 1 0
github.com/the-loon-clan/loon-site/web/handlers/main.go:365.2,369.25 4 0
github.com/the-loon-clan/loon-site/web/handlers/main.go:369.25,371.3 1 0
github.com/the-loon-clan/loon-site/web/handlers/main.go:372.2,382.27 3 0
github.com/the-loon-clan/loon-site/web/handlers/main.go:382.27,389.3 1 0
github.com/the-loon-clan/loon-site/web/handlers/main.go:390.2,484.77 2 0
github.com/the-loon-clan/loon-site/web/handlers/main.go:484.77,486.31 2 0
github.com/the-loon-clan/loon-site/web/handlers/main.go:486.31,490.6 1 0
github.com/the-loon-clan/loon-site/web/handlers/main.go:491.5,491.38 1 0
github.com/the-loon-clan/loon-site/web/handlers/main.go:510.35,511.26 1 0
github.com/the-loon-clan/loon-site/web/handlers/main.go:511.26,513.5 1 0
github.com/the-loon-clan/loon-site/web/handlers/main.go:514.4,514.37 1 0
github.com/the-loon-clan/loon-site/web/handlers/main.go:517.2,517.16 1 0
github.com/the-loon-clan/loon-site/web/handlers/main.go:517.16,520.3 2 0
github.com/the-loon-clan/loon-site/web/handlers/main.go:522.2,533.45 3 0
github.com/the-loon-clan/loon-site/web/handlers/main.go:533.45,536.3 2 0
github.com/the-loon-clan/loon-site/web/handlers/main.go:542.2,542.60 1 0
github.com/the-loon-clan/loon-site/web/handlers/main.go:542.60,544.3 1 0
github.com/the-loon-clan/loon-site/web/handlers/main.go:547.2,547.67 1 0
github.com/the-loon-clan/loon-site/web/handlers/main.go:547.67,549.3 1 0
github.com/the-loon-clan/loon-site/web/handlers/main.go:553.2,553.57 1 0
github.com/the-loon-clan/loon-site/web/handlers/main.go:553.57,555.3 1 0
github.com/the-loon-clan/loon-site/web/handlers/main.go:560.2,560.60 1 0
github.com/the-loon-clan/loon-site/web/handlers/main.go:560.60,562.3 1 0
github.com/the-loon-clan/loon-site/web/handlers/main.go:565.2,570.84 2 0
github.com/the-loon-clan/loon-site/web/handlers/main.go:570.84,573.3 2 0
github.com/the-loon-clan/loon-site/web/handlers/main.go:574.2,593.24 5 0
github.com/the-loon-clan/loon-site/web/handlers/main.go:593.24,597.3 1 0
github.com/the-loon-clan/loon-site/web/handlers/main.go:598.2,598.23 1 0
github.com/the-loon-clan/loon-site/web/handlers/main.go:598.23,599.88 1 0
github.com/the-loon-clan/loon-site/web/handlers/main.go:599.88,603.4 3 0
github.com/the-loon-clan/loon-site/web/handlers/main.go:610.2,618.48 2 0
github.com/the-loon-clan/loon-site/web/handlers/main.go:618.48,621.3 2 0
github.com/the-loon-clan/loon-site/web/handlers/main.go:622.2,622.47 1 0
github.com/the-loon-clan/loon-site/web/handlers/main.go:622.47,625.3 2 0
github.com/the-loon-clan/loon-site/web/handlers/main.go:626.2,626.47 1 0
github.com/the-loon-clan/loon-site/web/handlers/main.go:626.47,629.3 2 0
github.com/the-loon-clan/loon-site/web/handlers/main.go:630.2,630.44 1 0
github.com/the-loon-clan/loon-site/web/handlers/main.go:630.44,633.3 2 0
github.com/the-loon-clan/loon-site/web/handlers/main.go:634.2,634.43 1 0
github.com/the-loon-clan/loon-site/web/handlers/main.go:634.43,637.3 2 0
github.com/the-loon-clan/loon-site/web/handlers/main.go:638.2,638.51 1 0
github.com/the-loon-clan/loon-site/web/handlers/main.go:638.51,641.3 2 0
github.com/the-loon-clan/loon-site/web/handlers/main.go:642.2,642.50 1 0
github.com/the-loon-clan/loon-site/web/handlers/main.go:642.50,645.3 2 0
github.com/the-loon-clan/loon-site/web/handlers/main.go:647.2,656.16 4 0
github.com/the-loon-clan/loon-site/web/handlers/main.go:656.16,659.3 2 0
github.com/the-loon-clan/loon-site/web/handlers/main.go:669.2,705.95 4 0
github.com/the-loon-clan/loon-site/web/handlers/main.go:713.57,718.55 2 1
github.com/the-loon-clan/loon-site/web/handlers/main.go:718.55,719.75 1 1
github.com/the-loon-clan/loon-site/web/handlers/main.go:719.75,720.12 1 1
github.com/the-loon-clan/loon-site/web/handlers/main.go:721.9,721.48 1 0
github.com/the-loon-clan/loon-site/web/handlers/main.go:721.48,723.12 2 0
github.com/the-loon-clan/loon-site/web/handlers/main.go:725.3,726.17 2 0
github.com/the-loon-clan/loon-site/web/handlers/main.go:726.17,728.12 2 0
github.com/the-loon-clan/loon-site/web/handlers/main.go:730.3,730.128 1 0
github.com/the-loon-clan/loon-site/web/handlers/main.go:730.128,732.4 1 0
github.com/the-loon-clan/loon-site/web/handlers/main.go:736.44,738.26 2 0
github.com/the-loon-clan/loon-site/web/handlers/main.go:738.26,740.58 2 0
github.com/the-loon-clan/loon-site/web/handlers/main.go:740.58,742.4 1 0
github.com/the-loon-clan/loon-site/web/handlers/main.go:743.3,743.30 1 0
github.com/the-loon-clan/loon-site/web/handlers/main.go:745.2,745.54 1 0
github.com/the-loon-clan/loon-site/web/handlers/main.go:768.83,769.16 1 1
github.com/the-loon-clan/loon-site/web/handlers/main.go:769.16,772.3 2 1
github.com/the-loon-clan/loon-site/web/handlers/main.go:773.2,777.16 5 1
github.com/the-loon-clan/loon-site/web/handlers/main.go:777.16,787.3 3 1
github.com/the-loon-clan/loon-site/web/handlers/main.go:788.2,789.39 2 0
github.com/the-loon-clan/loon-site/web/handlers/main.go:792.44,793.34 1 1
github.com/the-loon-clan/loon-site/web/handlers/main.go:793.34,795.3 1 0
github.com/the-loon-clan/loon-site/web/handlers/main.go:796.2,796.12 1 1
github.com/the-loon-clan/loon-site/web/handlers/main.go:811.32,813.15 2 0
github.com/the-loon-clan/loon-site/web/handlers/main.go:813.15,815.3 1 0
github.com/the-loon-clan/loon-site/web/handlers/main.go:816.2,817.47 2 0
github.com/the-loon-clan/loon-site/web/handlers/main.go:817.47,818.44 1 0
github.com/the-loon-clan/loon-site/web/handlers/main.go:818.44,820.4 1 0
github.com/the-loon-clan/loon-site/web/handlers/main.go:822.2,822.12 1 0
github.com/the-loon-clan/loon-site/web/handlers/main.go:834.95,836.70 2 0
github.com/the-loon-clan/loon-site/web/handlers/main.go:836.70,837.49 1 0
github.com/the-loon-clan/loon-site/web/handlers/main.go:837.49,839.4 1 0
github.com/the-loon-clan/loon-site/web/handlers/main.go:840.3,841.45 2 0
github.com/the-loon-clan/loon-site/web/handlers/messages_web.go:34.53,35.37 1 0
github.com/the-loon-clan/loon-site/web/handlers/messages_web.go:35.37,36.50 1 0
github.com/the-loon-clan/loon-site/web/handlers/messages_web.go:36.50,38.4 1 0
github.com/the-loon-clan/loon-site/web/handlers/messages_web.go:40.2,45.71 1 0
github.com/the-loon-clan/loon-site/web/handlers/messages_web.go:45.71,47.4 1 0
github.com/the-loon-clan/loon-site/web/handlers/messages_web.go:51.88,53.4 1 0
github.com/the-loon-clan/loon-site/web/handlers/messages_web.go:62.71,64.4 1 0
github.com/the-loon-clan/loon-site/web/handlers/messages_web.go:66.2,66.12 1 0
github.com/the-loon-clan/loon-site/web/handlers/messages_web.go:72.88,74.17 2 0
github.com/the-loon-clan/loon-site/web/handlers/messages_web.go:74.17,76.3 1 0
github.com/the-loon-clan/loon-site/web/handlers/messages_web.go:77.2,82.77 2 0
github.com/the-loon-clan/loon-site/web/handlers/messages_web.go:82.77,84.3 1 0
github.com/the-loon-clan/loon-site/web/handlers/messages_web.go:85.2,86.25 2 0
github.com/the-loon-clan/loon-site/web/handlers/messages_web.go:86.25,88.3 1 0
github.com/the-loon-clan/loon-site/web/handlers/messages_web.go:89.2,89.17 1 0
github.com/the-loon-clan/loon-site/web/handlers/news_web.go:27.49,28.37 1 0
github.com/the-loon-clan/loon-site/web/handlers/news_web.go:28.37,29.46 1 0
github.com/the-loon-clan/loon-site/web/handlers/news_web.go:29.46,31.4 1 0
github.com/the-loon-clan/loon-site/web/handlers/news_web.go:33.2,37.71 1 0
github.com/the-loon-clan/loon-site/web/handlers/news_web.go:37.71,39.4 1 0
github.com/the-loon-clan/loon-site/web/handlers/news_web.go:42.2,42.12 1 0
github.com/the-loon-clan/loon-site/web/handlers/pages_web.go:52.41,54.86 2 1
github.com/the-loon-clan/loon-site/web/handlers/pages_web.go:54.86,56.3 1 1
github.com/the-loon-clan/loon-site/web/handlers/pages_web.go:57.2,57.33 1 1
github.com/the-loon-clan/loon-site/web/handlers/pages_web.go:60.70,75.34 3 1
github.com/the-loon-clan/loon-site/web/handlers/pages_web.go:75.34,77.3 1 0
github.com/the-loon-clan/loon-site/web/handlers/pages_web.go:78.2,79.25 2 1
github.com/the-loon-clan/loon-site/web/handlers/pages_web.go:79.25,85.3 2 1
github.com/the-loon-clan/loon-site/web/handlers/pages_web.go:86.2,87.36 2 1
github.com/the-loon-clan/loon-site/web/handlers/pages_web.go:87.36,89.3 1 1
github.com/the-loon-clan/loon-site/web/handlers/pages_web.go:90.2,90.38 1 1
github.com/the-loon-clan/loon-site/web/handlers/pages_web.go:90.38,94.3 1 0
github.com/the-loon-clan/loon-site/web/handlers/pages_web.go:95.2,95.17 1 1
github.com/the-loon-clan/loon-site/web/handlers/pages_web.go:102.41,106.21 3 1
github.com/the-loon-clan/loon-site/web/handlers/pages_web.go:106.21,107.38 1 0
github.com/the-loon-clan/loon-site/web/handlers/pages_web.go:107.38,109.23 2 0
github.com/the-loon-clan/loon-site/web/handlers/pages_web.go:109.23,111.5 1 0
github.com/the-loon-clan/loon-site/web/handlers/pages_web.go:114.2,114.22 1 1
github.com/the-loon-clan/loon-site/web/handlers/pages_web.go:114.22,115.54 1 0
github.com/the-loon-clan/loon-site/web/handlers/pages_web.go:115.54,117.4 1 0
github.com/the-loon-clan/loon-site/web/handlers/pages_web.go:122.2,122.19 1 1
github.com/the-loon-clan/loon-site/web/handlers/pages_web.go:122.19,123.42 1 1
github.com/the-loon-clan/loon-site/web/handlers/pages_web.go:123.42,125.4 1 1
github.com/the-loon-clan/loon-site/web/handlers/pages_web.go:126.3,126.55 1 1
github.com/the-loon-clan/loon-site/web/handlers/pages_web.go:126.55,128.4 1 1
github.com/the-loon-clan/loon-site/web/handlers/pages_web.go:129.3,129.51 1 1
github.com/the-loon-clan/loon-site/web/handlers/pages_web.go:129.51,131.4 1 1
github.com/the-loon-clan/loon-site/web/handlers/pages_web.go:136.2,136.52 1 1
github.com/the-loon-clan/loon-site/web/handlers/pages_web.go:136.52,144.3 7 0
github.com/the-loon-clan/loon-site/web/handlers/pages_web.go:145.2,145.33 1 1
github.com/the-loon-clan/loon-site/web/handlers/pages_web.go:151.65,152.30 1 1
github.com/the-loon-clan/loon-site/web/handlers/pages_web.go:152.30,154.3 1 1
github.com/the-loon-clan/loon-site/web/handlers/pages_web.go:159.45,180.2 8 1
github.com/the-loon-clan/loon-site/web/handlers/playlists_web.go:23.34,25.54 1 0
github.com/the-loon-clan/loon-site/web/handlers/playlists_web.go:25.54,25.88 1 0
github.com/the-loon-clan/loon-site/web/handlers/playlists_web.go:26.44,27.16 1 0
github.com/the-loon-clan/loon-site/web/handlers/playlists_web.go:27.16,29.5 1 0
github.com/the-loon-clan/loon-site/web/handlers/playlists_web.go:30.4,30.32 1 0
github.com/the-loon-clan/loon-site/web/handlers/playlists_web.go:32.72,34.4 1 0
github.com/the-loon-clan/loon-site/web/handlers/playlists_web.go:39.95,41.23 2 0
github.com/the-loon-clan/loon-site/web/handlers/playlists_web.go:41.23,43.5 1 0
github.com/the-loon-clan/loon-site/web/handlers/playlists_web.go:48.4,48.27 1 0
github.com/the-loon-clan/loon-site/web/handlers/playlists_web.go:48.27,50.26 2 0
github.com/the-loon-clan/loon-site/web/handlers/playlists_web.go:50.26,51.14 1 0
github.com/the-loon-clan/loon-site/web/handlers/playlists_web.go:53.5,58.6 1 0
github.com/the-loon-clan/loon-site/web/handlers/playlists_web.go:60.4,60.19 1 0
github.com/the-loon-clan/loon-site/web/handlers/playlists_web.go:62.74,64.30 2 0
github.com/the-loon-clan/loon-site/web/handlers/playlists_web.go:64.30,66.5 1 0
github.com/the-loon-clan/loon-site/web/handlers/playlists_web.go:67.4,67.36 1 0
github.com/the-loon-clan/loon-site/web/handlers/plugins_wiring.go:27.88,32.56 1 0
github.com/the-loon-clan/loon-site/web/handlers/plugins_wiring.go:32.56,35.3 2 0
github.com/the-loon-clan/loon-site/web/handlers/plugins_wiring.go:41.2,41.48 1 0
github.com/the-loon-clan/loon-site/web/handlers/plugins_wiring.go:41.48,44.3 2 0
github.com/the-loon-clan/loon-site/web/handlers/plugins_wiring.go:48.2,48.56 1 0
github.com/the-loon-clan/loon-site/web/handlers/plugins_wiring.go:48.56,51.3 2 0
github.com/the-loon-clan/loon-site/web/handlers/plugins_wiring.go:57.2,57.55 1 0
github.com/the-loon-clan/loon-site/web/handlers/plugins_wiring.go:57.55,60.3 2 0
github.com/the-loon-clan/loon-site/web/handlers/plugins_wiring.go:65.2,65.52 1 0
github.com/the-loon-clan/loon-site/web/handlers/plugins_wiring.go:65.52,68.3 2 0
github.com/the-loon-clan/loon-site/web/handlers/plugins_wiring.go:73.2,100.51 7 0
github.com/the-loon-clan/loon-site/web/handlers/plugins_wiring.go:100.51,103.3 2 0
github.com/the-loon-clan/loon-site/web/handlers/plugins_wiring.go:108.2,108.53 1 0
github.com/the-loon-clan/loon-site/web/handlers/plugins_wiring.go:108.53,111.3 2 0
github.com/the-loon-clan/loon-site/web/handlers/plugins_wiring.go:112.2,112.55 1 0
github.com/the-loon-clan/loon-site/web/handlers/points_web.go:38.115,47.16 3 0
github.com/the-loon-clan/loon-site/web/handlers/points_web.go:47.16,52.3 1 0
github.com/the-loon-clan/loon-site/web/handlers/points_web.go:53.2,54.14 2 0
github.com/the-loon-clan/loon-site/web/handlers/points_web.go:54.14,56.3 1 0
github.com/the-loon-clan/loon-site/web/handlers/points_web.go:57.2,60.69 1 0
github.com/the-loon-clan/loon-site/web/handlers/points_web.go:60.69,62.3 1 0
github.com/the-loon-clan/loon-site/web/handlers/points_web.go:63.2,63.21 1 0
github.com/the-loon-clan/loon-site/web/handlers/points_web.go:66.66,70.2 3 1
github.com/the-loon-clan/loon-site/web/handlers/points_web.go:72.48,74.67 1 0
github.com/the-loon-clan/loon-site/web/handlers/points_web.go:74.67,76.4 1 0
github.com/the-loon-clan/loon-site/web/handlers/points_web.go:77.102,79.4 1 0
github.com/the-loon-clan/loon-site/web/handlers/points_web.go:80.103,82.4 1 0
github.com/the-loon-clan/loon-site/web/handlers/points_web.go:83.103,85.4 1 0
github.com/the-loon-clan/loon-site/web/handlers/points_web.go:86.106,89.82 2 0
github.com/the-loon-clan/loon-site/web/handlers/points_web.go:89.82,91.5 1 0
github.com/the-loon-clan/loon-site/web/handlers/points_web.go:92.4,104.40 2 0
github.com/the-loon-clan/loon-site/web/handlers/points_web.go:104.40,106.5 1 0
github.com/the-loon-clan/loon-site/web/handlers/points_web.go:107.4,108.27 2 0
github.com/the-loon-clan/loon-site/web/handlers/points_web.go:108.27,114.5 1 0
github.com/the-loon-clan/loon-site/web/handlers/points_web.go:115.4,115.26 1 0
github.com/the-loon-clan/loon-site/web/handlers/presence_web.go:41.72,42.32 1 1
github.com/the-loon-clan/loon-site/web/handlers/presence_web.go:42.32,44.3 1 0
github.com/the-loon-clan/loon-site/web/handlers/presence_web.go:45.2,47.77 3 1
github.com/the-loon-clan/loon-site/web/handlers/presence_web.go:47.77,50.3 2 1
github.com/the-loon-clan/loon-site/web/handlers/presence_web.go:51.2,56.12 3 1
github.com/the-loon-clan/loon-site/web/handlers/presence_web.go:56.12,60.3 3 1
github.com/the-loon-clan/loon-site/web/handlers/presence_web.go:66.87,67.32 1 1
github.com/the-loon-clan/loon-site/web/handlers/presence_web.go:67.32,69.3 1 0
github.com/the-loon-clan/loon-site/web/handlers/presence_web.go:70.2,72.83 2 1
github.com/the-loon-clan/loon-site/web/handlers/presence_web.go:72.83,74.3 1 1
github.com/the-loon-clan/loon-site/web/handlers/presence_web.go:75.2,75.17 1 0
github.com/the-loon-clan/loon-site/web/handlers/profilebio_web.go:43.42,45.15 2 1
github.com/the-loon-clan/loon-site/web/handlers/profilebio_web.go:45.15,47.3 1 1
github.com/the-loon-clan/loon-site/web/handlers/profilebio_web.go:48.2,48.29 1 0
github.com/the-loon-clan/loon-site/web/handlers/profilebio_web.go:54.13,55.107 1 1
github.com/the-loon-clan/loon-site/web/handlers/profilebio_web.go:55.107,59.53 2 0
github.com/the-loon-clan/loon-site/web/handlers/profilebio_web.go:59.53,61.4 1 0
github.com/the-loon-clan/loon-site/web/handlers/profilebio_web.go:62.3,63.79 1 0
github.com/the-loon-clan/loon-site/web/handlers/profilebio_web.go:63.79,65.4 1 0
github.com/the-loon-clan/loon-site/web/handlers/profilebio_web.go:66.3,66.13 1 0
github.com/the-loon-clan/loon-site/web/handlers/profilebio_web.go:71.47,73.9 2 0
github.com/the-loon-clan/loon-site/web/handlers/profilebio_web.go:73.9,75.3 1 0
github.com/the-loon-clan/loon-site/web/handlers/profilebio_web.go:76.2,107.4 2 0
github.com/the-loon-clan/loon-site/web/handlers/profilebio_web.go:111.51,113.9 2 0
github.com/the-loon-clan/loon-site/web/handlers/profilebio_web.go:113.9,115.3 1 0
github.com/the-loon-clan/loon-site/web/handlers/profilebio_web.go:116.2,121.42 3 0
github.com/the-loon-clan/loon-site/web/handlers/profilebio_web.go:121.42,123.3 1 0
github.com/the-loon-clan/loon-site/web/handlers/profilebio_web.go:124.2,125.25 2 0
github.com/the-loon-clan/loon-site/web/handlers/profilebio_web.go:125.25,131.71 2 0
github.com/the-loon-clan/loon-site/web/handlers/profilebio_web.go:131.71,133.4 1 0
github.com/the-loon-clan/loon-site/web/handlers/profilebio_web.go:133.9,133.47 1 0
github.com/the-loon-clan/loon-site/web/handlers/profilebio_web.go:133.47,136.4 1 0
github.com/the-loon-clan/loon-site/web/handlers/profilebio_web.go:138.2,138.88 1 0
github.com/the-loon-clan/loon-site/web/handlers/rewards_web.go:22.43,24.9 2 0
github.com/the-loon-clan/loon-site/web/handlers/rewards_web.go:24.9,26.3 1 0
github.com/the-loon-clan/loon-site/web/handlers/rewards_web.go:28.2,37.57 2 0
github.com/the-loon-clan/loon-site/web/handlers/rewards_web.go:37.57,39.3 1 0
github.com/the-loon-clan/loon-site/web/handlers/rewards_web.go:39.8,39.49 1 0
github.com/the-loon-clan/loon-site/web/handlers/rewards_web.go:39.49,41.3 1 0
github.com/the-loon-clan/loon-site/web/handlers/rewards_web.go:42.2,42.35 1 0
github.com/the-loon-clan/loon-site/web/handlers/rewardsmetrics_web.go:45.74,45.91 1 0
github.com/the-loon-clan/loon-site/web/handlers/rewardsmetrics_web.go:51.61,52.60 1 1
github.com/the-loon-clan/loon-site/web/handlers/rewardsmetrics_web.go:52.60,54.17 2 0
github.com/the-loon-clan/loon-site/web/handlers/rewardsmetrics_web.go:54.17,56.4 1 0
github.com/the-loon-clan/loon-site/web/handlers/rewardsmetrics_web.go:57.3,57.16 1 0
github.com/the-loon-clan/loon-site/web/handlers/rewardsmetrics_web.go:57.16,57.36 1 0
github.com/the-loon-clan/loon-site/web/handlers/rewardsmetrics_web.go:58.3,59.19 2 0
github.com/the-loon-clan/loon-site/web/handlers/rewardsmetrics_web.go:59.19,61.45 2 0
github.com/the-loon-clan/loon-site/web/handlers/rewardsmetrics_web.go:61.45,63.5 1 0
github.com/the-loon-clan/loon-site/web/handlers/rewardsmetrics_web.go:67.4,67.14 1 0
github.com/the-loon-clan/loon-site/web/handlers/rewardsmetrics_web.go:67.14,69.5 1 0
github.com/the-loon-clan/loon-site/web/handlers/rewardsmetrics_web.go:71.3,71.25 1 0
github.com/the-loon-clan/loon-site/web/handlers/rewardsmetrics_web.go:83.64,98.2 1 1
github.com/the-loon-clan/loon-site/web/handlers/rewardsmetrics_web.go:102.70,103.47 1 0
github.com/the-loon-clan/loon-site/web/handlers/rewardsmetrics_web.go:103.47,104.73 1 0
github.com/the-loon-clan/loon-site/web/handlers/rewardsmetrics_web.go:104.73,106.4 1 0
github.com/the-loon-clan/loon-site/web/handlers/rewardsmetrics_web.go:110.2,111.43 1 0
github.com/the-loon-clan/loon-site/web/handlers/rewardsmetrics_web.go:111.43,113.3 1 0
github.com/the-loon-clan/loon-site/web/handlers/rewardsmetrics_web.go:114.2,114.12 1 0
github.com/the-loon-clan/loon-site/web/handlers/rewardsmetrics_web.go:161.58,163.89 2 0
github.com/the-loon-clan/loon-site/web/handlers/rewardsmetrics_web.go:163.89,165.3 1 0
github.com/the-loon-clan/loon-site/web/handlers/rewardsmetrics_web.go:166.2,166.37 1 0
github.com/the-loon-clan/loon-site/web/handlers/rewardsmetrics_web.go:166.37,174.47 2 0
github.com/the-loon-clan/loon-site/web/handlers/rewardsmetrics_web.go:174.47,177.4 2 0
github.com/the-loon-clan/loon-site/web/handlers/rewardsmetrics_web.go:179.3,182.59 1 0
github.com/the-loon-clan/loon-site/web/handlers/rewardsmetrics_web.go:182.59,185.4 2 0
github.com/the-loon-clan/loon-site/web/handlers/rewardsmetrics_web.go:186.3,191.84 1 0
github.com/the-loon-clan/loon-site/web/handlers/rewardsmetrics_web.go:191.84,194.4 2 0
github.com/the-loon-clan/loon-site/web/handlers/rewardsmetrics_web.go:196.2,196.47 1 0
github.com/the-loon-clan/loon-site/web/handlers/rewardsmetrics_web.go:227.55,228.76 1 0
github.com/the-loon-clan/loon-site/web/handlers/rewardsmetrics_web.go:228.76,230.3 1 0
github.com/the-loon-clan/loon-site/web/handlers/sectionnav_web.go:117.47,118.30 1 1
github.com/the-loon-clan/loon-site/web/handlers/sectionnav_web.go:118.30,122.3 1 1
github.com/the-loon-clan/loon-site/web/handlers/sectionnav_web.go:123.2,133.30 2 1
github.com/the-loon-clan/loon-site/web/handlers/sectionnav_web.go:133.30,135.3 1 1
github.com/the-loon-clan/loon-site/web/handlers/sectionnav_web.go:136.2,136.57 1 1
github.com/the-loon-clan/loon-site/web/handlers/sectionnav_web.go:140.43,142.40 2 1
github.com/the-loon-clan/loon-site/web/handlers/sectionnav_web.go:142.40,147.3 1 1
github.com/the-loon-clan/loon-site/web/handlers/sectionnav_web.go:148.2,148.31 1 1
github.com/the-loon-clan/loon-site/web/handlers/sectionnav_web.go:171.38,172.40 1 1
github.com/the-loon-clan/loon-site/web/handlers/sectionnav_web.go:172.40,173.42 1 1
github.com/the-loon-clan/loon-site/web/handlers/sectionnav_web.go:173.42,175.4 1 1
github.com/the-loon-clan/loon-site/web/handlers/sectionnav_web.go:178.3,178.84 1 1
github.com/the-loon-clan/loon-site/web/handlers/sectionnav_web.go:178.84,180.4 1 1
github.com/the-loon-clan/loon-site/web/handlers/sectionnav_web.go:182.2,182.14 1 1
github.com/the-loon-clan/loon-site/web/handlers/sectionnav_web.go:202.70,203.39 1 1
github.com/the-loon-clan/loon-site/web/handlers/sectionnav_web.go:203.39,205.3 1 1
github.com/the-loon-clan/loon-site/web/handlers/sectionnav_web.go:216.2,216.51 1 1
github.com/the-loon-clan/loon-site/web/handlers/sectionnav_web.go:216.51,217.18 1 1
github.com/the-loon-clan/loon-site/web/handlers/sectionnav_web.go:217.18,219.4 1 1
github.com/the-loon-clan/loon-site/web/handlers/sectionnav_web.go:221.2,221.25 1 1
github.com/the-loon-clan/loon-site/web/handlers/sectionnav_web.go:229.46,231.47 2 1
github.com/the-loon-clan/loon-site/web/handlers/sectionnav_web.go:231.47,233.3 1 1
github.com/the-loon-clan/loon-site/web/handlers/sectionnav_web.go:234.2,235.47 2 1
github.com/the-loon-clan/loon-site/web/handlers/sectionnav_web.go:235.47,237.3 1 1
github.com/the-loon-clan/loon-site/web/handlers/sectionnav_web.go:238.2,238.13 1 1
github.com/the-loon-clan/loon-site/web/handlers/sectionnav_web.go:248.62,253.44 4 1
github.com/the-loon-clan/loon-site/web/handlers/sectionnav_web.go:253.44,254.41 1 1
github.com/the-loon-clan/loon-site/web/handlers/sectionnav_web.go:254.41,256.4 1 1
github.com/the-loon-clan/loon-site/web/handlers/sectionnav_web.go:257.3,257.48 1 1
github.com/the-loon-clan/loon-site/web/handlers/sectionnav_web.go:257.48,259.4 1 1
github.com/the-loon-clan/loon-site/web/handlers/sectionnav_web.go:261.2,261.24 1 1
github.com/the-loon-clan/loon-site/web/handlers/sectionnav_web.go:261.24,263.30 2 1
github.com/the-loon-clan/loon-site/web/handlers/sectionnav_web.go:263.30,265.4 1 1
github.com/the-loon-clan/loon-site/web/handlers/sectionnav_web.go:267.2,267.17 1 1
github.com/the-loon-clan/loon-site/web/handlers/sectionnav_web.go:267.17,269.3 1 1
github.com/the-loon-clan/loon-site/web/handlers/sectionnav_web.go:270.2,271.19 2 1
github.com/the-loon-clan/loon-site/web/handlers/sectionnav_web.go:271.19,279.3 4 1
github.com/the-loon-clan/loon-site/web/handlers/sectionnav_web.go:280.2,280.12 1 1
github.com/the-loon-clan/loon-site/web/handlers/sectionnav_web.go:285.44,287.2 1 1
github.com/the-loon-clan/loon-site/web/handlers/security_web.go:61.87,64.41 3 0
github.com/the-loon-clan/loon-site/web/handlers/security_web.go:64.41,66.17 2 0
github.com/the-loon-clan/loon-site/web/handlers/security_web.go:66.17,68.4 1 0
github.com/the-loon-clan/loon-site/web/handlers/security_web.go:69.3,70.17 2 0
github.com/the-loon-clan/loon-site/web/handlers/security_web.go:70.17,72.4 1 0
github.com/the-loon-clan/loon-site/web/handlers/security_web.go:73.3,74.32 2 0
github.com/the-loon-clan/loon-site/web/handlers/security_web.go:76.2,76.73 1 0
github.com/the-loon-clan/loon-site/web/handlers/security_web.go:76.73,78.3 1 0
github.com/the-loon-clan/loon-site/web/handlers/security_web.go:79.2,79.19 1 0
github.com/the-loon-clan/loon-site/web/handlers/security_web.go:88.86,89.35 1 0
github.com/the-loon-clan/loon-site/web/handlers/security_web.go:89.35,91.3 1 0
github.com/the-loon-clan/loon-site/web/handlers/security_web.go:92.2,93.16 2 0
github.com/the-loon-clan/loon-site/web/handlers/security_web.go:93.16,95.3 1 0
github.com/the-loon-clan/loon-site/web/handlers/security_web.go:96.2,96.25 1 0
github.com/the-loon-clan/loon-site/web/handlers/security_web.go:96.25,97.56 1 0
github.com/the-loon-clan/loon-site/web/handlers/security_web.go:97.56,98.12 1 0
github.com/the-loon-clan/loon-site/web/handlers/security_web.go:103.3,103.45 1 0
github.com/the-loon-clan/loon-site/web/handlers/security_web.go:105.2,105.14 1 0
github.com/the-loon-clan/loon-site/web/handlers/security_web.go:109.44,111.9 2 1
github.com/the-loon-clan/loon-site/web/handlers/security_web.go:111.9,113.3 1 0
github.com/the-loon-clan/loon-site/web/handlers/security_web.go:114.2,129.22 4 1
github.com/the-loon-clan/loon-site/web/handlers/security_web.go:129.22,133.3 3 0
github.com/the-loon-clan/loon-site/web/handlers/security_web.go:134.2,134.45 1 1
github.com/the-loon-clan/loon-site/web/handlers/security_web.go:140.49,144.2 3 1
github.com/the-loon-clan/loon-site/web/handlers/security_web.go:146.46,149.13 3 1
github.com/the-loon-clan/loon-site/web/handlers/security_web.go:149.13,151.3 1 1
github.com/the-loon-clan/loon-site/web/handlers/security_web.go:152.2,154.30 3 1
github.com/the-loon-clan/loon-site/web/handlers/security_web.go:158.33,158.91 1 0
github.com/the-loon-clan/loon-site/web/handlers/security_web.go:161.46,163.9 2 0
github.com/the-loon-clan/loon-site/web/handlers/security_web.go:163.9,165.3 1 0
github.com/the-loon-clan/loon-site/web/handlers/security_web.go:166.2,167.27 2 0
github.com/the-loon-clan/loon-site/web/handlers/security_web.go:167.27,169.3 1 0
github.com/the-loon-clan/loon-site/web/handlers/security_web.go:171.2,172.19 2 0
github.com/the-loon-clan/loon-site/web/handlers/security_web.go:173.15,174.35 1 0
github.com/the-loon-clan/loon-site/web/handlers/security_web.go:175.17,176.37 1 0
github.com/the-loon-clan/loon-site/web/handlers/security_web.go:177.16,178.36 1 0
github.com/the-loon-clan/loon-site/web/handlers/security_web.go:179.20,180.40 1 0
github.com/the-loon-clan/loon-site/web/handlers/security_web.go:181.17,182.37 1 0
github.com/the-loon-clan/loon-site/web/handlers/security_web.go:183.15,184.44 1 0
github.com/the-loon-clan/loon-site/web/handlers/security_web.go:185.10,186.56 1 0
github.com/the-loon-clan/loon-site/web/handlers/security_web.go:194.119,196.16 2 0
github.com/the-loon-clan/loon-site/web/handlers/security_web.go:196.16,199.3 2 0
github.com/the-loon-clan/loon-site/web/handlers/security_web.go:202.2,202.65 1 0
github.com/the-loon-clan/loon-site/web/handlers/security_web.go:202.65,205.3 2 0
github.com/the-loon-clan/loon-site/web/handlers/security_web.go:206.2,206.55 1 0
github.com/the-loon-clan/loon-site/web/handlers/security_web.go:215.121,217.22 2 0
github.com/the-loon-clan/loon-site/web/handlers/security_web.go:217.22,220.3 2 0
github.com/the-loon-clan/loon-site/web/handlers/security_web.go:221.2,221.50 1 0
github.com/the-loon-clan/loon-site/web/handlers/security_web.go:221.50,227.3 2 0
github.com/the-loon-clan/loon-site/web/handlers/security_web.go:228.2,229.16 2 0
github.com/the-loon-clan/loon-site/web/handlers/security_web.go:229.16,233.3 3 0
github.com/the-loon-clan/loon-site/web/handlers/security_web.go:235.2,235.53 1 0
github.com/the-loon-clan/loon-site/web/handlers/security_web.go:235.53,238.3 2 0
github.com/the-loon-clan/loon-site/web/handlers/security_web.go:239.2,241.68 3 0
github.com/the-loon-clan/loon-site/web/handlers/security_web.go:245.120,248.2 2 0
github.com/the-loon-clan/loon-site/web/handlers/security_web.go:254.124,256.83 2 0
github.com/the-loon-clan/loon-site/web/handlers/security_web.go:256.83,259.3 2 0
github.com/the-loon-clan/loon-site/web/handlers/security_web.go:260.2,261.16 2 0
github.com/the-loon-clan/loon-site/web/handlers/security_web.go:261.16,264.3 2 0
github.com/the-loon-clan/loon-site/web/handlers/security_web.go:265.2,267.66 3 0
github.com/the-loon-clan/loon-site/web/handlers/security_web.go:274.121,278.44 1 0
github.com/the-loon-clan/loon-site/web/handlers/security_web.go:278.44,281.3 2 0
github.com/the-loon-clan/loon-site/web/handlers/security_web.go:284.2,284.54 1 0
github.com/the-loon-clan/loon-site/web/handlers/security_web.go:284.54,287.3 2 0
github.com/the-loon-clan/loon-site/web/handlers/security_web.go:288.2,289.69 2 0
github.com/the-loon-clan/loon-site/web/handlers/security_web.go:297.128,299.16 2 0
github.com/the-loon-clan/loon-site/web/handlers/security_web.go:299.16,302.3 2 0
github.com/the-loon-clan/loon-site/web/handlers/security_web.go:306.2,307.71 2 0
github.com/the-loon-clan/loon-site/web/handlers/security_web.go:311.32,311.98 1 0
github.com/the-loon-clan/loon-site/web/handlers/security_web.go:316.55,325.2 6 1
github.com/the-loon-clan/loon-site/web/handlers/security_web.go:328.44,331.43 3 1
github.com/the-loon-clan/loon-site/web/handlers/security_web.go:332.13,333.9 1 1
github.com/the-loon-clan/loon-site/web/handlers/security_web.go:334.11,335.16 1 1
github.com/the-loon-clan/loon-site/web/handlers/security_web.go:337.2,337.13 1 1
github.com/the-loon-clan/loon-site/web/handlers/security_web.go:337.13,339.3 1 1
github.com/the-loon-clan/loon-site/web/handlers/security_web.go:340.2,341.62 2 1
github.com/the-loon-clan/loon-site/web/handlers/security_web.go:341.62,345.3 3 1
github.com/the-loon-clan/loon-site/web/handlers/security_web.go:346.2,346.11 1 1
github.com/the-loon-clan/loon-site/web/handlers/security_web.go:350.45,351.29 1 0
github.com/the-loon-clan/loon-site/web/handlers/security_web.go:351.29,354.3 2 0
github.com/the-loon-clan/loon-site/web/handlers/security_web.go:355.2,358.4 1 0
github.com/the-loon-clan/loon-site/web/handlers/security_web.go:362.45,364.13 2 0
github.com/the-loon-clan/loon-site/web/handlers/security_web.go:364.13,367.3 2 0
github.com/the-loon-clan/loon-site/web/handlers/security_web.go:368.2,374.102 4 0
github.com/the-loon-clan/loon-site/web/handlers/security_web.go:374.102,378.3 3 0
github.com/the-loon-clan/loon-site/web/handlers/security_web.go:379.2,380.28 2 0
github.com/the-loon-clan/loon-site/web/handlers/security_web.go:380.28,383.3 2 0
github.com/the-loon-clan/loon-site/web/handlers/security_web.go:386.2,386.43 1 0
github.com/the-loon-clan/loon-site/web/handlers/security_web.go:386.43,388.3 1 0
github.com/the-loon-clan/loon-site/web/handlers/security_web.go:389.2,390.38 2 0
github.com/the-loon-clan/loon-site/web/handlers/security_web.go:408.111,410.91 2 0
github.com/the-loon-clan/loon-site/web/handlers/security_web.go:410.91,412.3 1 0
github.com/the-loon-clan/loon-site/web/handlers/security_web.go:416.2,416.59 1 0
github.com/the-loon-clan/loon-site/web/handlers/security_web.go:417.32,418.56 1 0
github.com/the-loon-clan/loon-site/web/handlers/security_web.go:419.13,420.58 1 0
github.com/the-loon-clan/loon-site/web/handlers/security_web.go:423.2,424.16 2 0
github.com/the-loon-clan/loon-site/web/handlers/security_web.go:424.16,426.3 1 0
github.com/the-loon-clan/loon-site/web/handlers/security_web.go:427.2,427.103 1 0
github.com/the-loon-clan/loon-site/web/handlers/security_web.go:427.103,429.3 1 0
github.com/the-loon-clan/loon-site/web/handlers/security_web.go:430.2,430.81 1 0
github.com/the-loon-clan/loon-site/web/handlers/security_web.go:440.44,445.9 4 0
github.com/the-loon-clan/loon-site/web/handlers/security_web.go:445.9,449.3 2 0
github.com/the-loon-clan/loon-site/web/handlers/security_web.go:450.2,450.71 1 0
github.com/the-loon-clan/loon-site/web/handlers/security_web.go:450.71,454.3 3 0
github.com/the-loon-clan/loon-site/web/handlers/security_web.go:458.2,460.66 3 0
github.com/the-loon-clan/loon-site/web/handlers/serve_wiring.go:27.71,29.12 2 0
github.com/the-loon-clan/loon-site/web/handlers/serve_wiring.go:29.12,30.77 1 0
github.com/the-loon-clan/loon-site/web/handlers/serve_wiring.go:30.77,33.4 2 0
github.com/the-loon-clan/loon-site/web/handlers/serve_wiring.go:41.2,41.23 1 0
github.com/the-loon-clan/loon-site/web/handlers/serve_wiring.go:41.23,49.3 2 0
github.com/the-loon-clan/loon-site/web/handlers/serve_wiring.go:51.2,60.18 7 0
github.com/the-loon-clan/loon-site/web/handlers/serve_wiring.go:60.18,62.3 1 0
github.com/the-loon-clan/loon-site/web/handlers/settings_web.go:45.150,46.76 1 0
github.com/the-loon-clan/loon-site/web/handlers/settings_web.go:46.76,47.33 1 0
github.com/the-loon-clan/loon-site/web/handlers/settings_web.go:47.33,54.30 3 0
github.com/the-loon-clan/loon-site/web/handlers/settings_web.go:54.30,56.5 1 0
github.com/the-loon-clan/loon-site/web/handlers/settings_web.go:58.3,58.30 1 0
github.com/the-loon-clan/loon-site/web/handlers/settings_web.go:63.92,65.36 2 1
github.com/the-loon-clan/loon-site/web/handlers/settings_web.go:65.36,67.3 1 1
github.com/the-loon-clan/loon-site/web/handlers/settings_web.go:68.2,68.17 1 1
github.com/the-loon-clan/loon-site/web/handlers/settings_web.go:68.17,70.3 1 0
github.com/the-loon-clan/loon-site/web/handlers/settings_web.go:71.2,76.90 2 1
github.com/the-loon-clan/loon-site/web/handlers/settings_web.go:76.90,78.3 1 0
github.com/the-loon-clan/loon-site/web/handlers/settings_web.go:79.2,79.25 1 1
github.com/the-loon-clan/loon-site/web/handlers/settings_web.go:79.25,81.3 1 0
github.com/the-loon-clan/loon-site/web/handlers/settings_web.go:82.2,82.12 1 1
github.com/the-loon-clan/loon-site/web/handlers/settings_web.go:87.47,89.9 2 1
github.com/the-loon-clan/loon-site/web/handlers/settings_web.go:89.9,91.3 1 0
github.com/the-loon-clan/loon-site/web/handlers/settings_web.go:92.2,96.4 1 1
github.com/the-loon-clan/loon-site/web/handlers/settings_web.go:99.51,101.9 2 0
github.com/the-loon-clan/loon-site/web/handlers/settings_web.go:101.9,103.3 1 0
github.com/the-loon-clan/loon-site/web/handlers/settings_web.go:104.2,105.19 2 0
github.com/the-loon-clan/loon-site/web/handlers/settings_web.go:105.19,106.96 1 0
github.com/the-loon-clan/loon-site/web/handlers/settings_web.go:106.96,108.4 1 0
github.com/the-loon-clan/loon-site/web/handlers/settings_web.go:110.2,110.59 1 0
github.com/the-loon-clan/loon-site/web/handlers/settings_web.go:113.53,115.9 2 1
github.com/the-loon-clan/loon-site/web/handlers/settings_web.go:115.9,117.3 1 0
github.com/the-loon-clan/loon-site/web/handlers/settings_web.go:118.2,124.36 4 1
github.com/the-loon-clan/loon-site/web/handlers/settings_web.go:124.36,126.3 1 1
github.com/the-loon-clan/loon-site/web/handlers/settings_web.go:127.2,131.4 1 1
github.com/the-loon-clan/loon-site/web/handlers/settings_web.go:134.57,136.9 2 0
github.com/the-loon-clan/loon-site/web/handlers/settings_web.go:136.9,138.3 1 0
github.com/the-loon-clan/loon-site/web/handlers/settings_web.go:139.2,144.36 3 0
github.com/the-loon-clan/loon-site/web/handlers/settings_web.go:144.36,145.91 1 0
github.com/the-loon-clan/loon-site/web/handlers/settings_web.go:145.91,147.4 1 0
github.com/the-loon-clan/loon-site/web/handlers/settings_web.go:149.2,149.65 1 0
github.com/the-loon-clan/loon-site/web/handlers/settings_web.go:154.44,172.2 10 1
github.com/the-loon-clan/loon-site/web/handlers/sitemap_web.go:41.38,41.59 1 0
github.com/the-loon-clan/loon-site/web/handlers/sitemap_web.go:46.64,49.2 2 0
github.com/the-loon-clan/loon-site/web/handlers/sitemap_web.go:56.94,58.16 2 0
github.com/the-loon-clan/loon-site/web/handlers/sitemap_web.go:58.16,60.3 1 0
github.com/the-loon-clan/loon-site/web/handlers/sitemap_web.go:61.2,62.24 2 0
github.com/the-loon-clan/loon-site/web/handlers/sitemap_web.go:62.24,67.3 1 0
github.com/the-loon-clan/loon-site/web/handlers/sitemap_web.go:68.2,68.17 1 0
github.com/the-loon-clan/loon-site/web/handlers/sitemap_web.go:73.63,84.21 3 0
github.com/the-loon-clan/loon-site/web/handlers/sitemap_web.go:84.21,86.3 1 0
github.com/the-loon-clan/loon-site/web/handlers/sitemap_web.go:87.2,92.24 4 0
github.com/the-loon-clan/loon-site/web/handlers/sitemap_web.go:92.24,92.75 1 0
github.com/the-loon-clan/loon-site/web/handlers/sitemap_web.go:97.2,97.23 1 0
github.com/the-loon-clan/loon-site/web/handlers/sitemap_web.go:97.23,100.30 1 0
github.com/the-loon-clan/loon-site/web/handlers/sitemap_web.go:100.30,100.61 1 0
github.com/the-loon-clan/loon-site/web/handlers/sitemap_web.go:105.2,105.50 1 0
github.com/the-loon-clan/loon-site/web/handlers/sitemap_web.go:105.50,105.80 1 0
github.com/the-loon-clan/loon-site/web/handlers/sitemap_web.go:117.2,117.52 1 0
github.com/the-loon-clan/loon-site/web/handlers/sitemap_web.go:117.52,119.3 1 0
github.com/the-loon-clan/loon-site/web/handlers/sitemap_web.go:122.94,127.16 4 0
github.com/the-loon-clan/loon-site/web/handlers/sitemap_web.go:127.16,132.3 2 0
github.com/the-loon-clan/loon-site/web/handlers/sitemap_web.go:133.2,133.35 1 0
github.com/the-loon-clan/loon-site/web/handlers/sitemap_web.go:133.35,135.3 1 0
github.com/the-loon-clan/loon-site/web/handlers/sitemap_web.go:136.2,136.76 1 0
github.com/the-loon-clan/loon-site/web/handlers/sitemap_web.go:139.57,141.41 2 1
github.com/the-loon-clan/loon-site/web/handlers/sitemap_web.go:141.41,146.3 2 1
github.com/the-loon-clan/loon-site/web/handlers/sitemap_web.go:147.2,147.63 1 1
github.com/the-loon-clan/loon-site/web/handlers/sitemappage_web.go:88.43,97.40 3 1
github.com/the-loon-clan/loon-site/web/handlers/sitemappage_web.go:97.40,99.30 2 0
github.com/the-loon-clan/loon-site/web/handlers/sitemappage_web.go:99.30,101.4 1 0
github.com/the-loon-clan/loon-site/web/handlers/sitemappage_web.go:102.3,102.86 1 0
github.com/the-loon-clan/loon-site/web/handlers/sitemappage_web.go:109.2,110.32 2 1
github.com/the-loon-clan/loon-site/web/handlers/sitemappage_web.go:110.32,111.23 1 0
github.com/the-loon-clan/loon-site/web/handlers/sitemappage_web.go:111.23,112.12 1 0
github.com/the-loon-clan/loon-site/web/handlers/sitemappage_web.go:114.3,115.33 2 0
github.com/the-loon-clan/loon-site/web/handlers/sitemappage_web.go:115.33,116.12 1 0
github.com/the-loon-clan/loon-site/web/handlers/sitemappage_web.go:118.3,119.38 2 0
github.com/the-loon-clan/loon-site/web/handlers/sitemappage_web.go:119.38,121.4 1 0
github.com/the-loon-clan/loon-site/web/handlers/sitemappage_web.go:122.3,122.65 1 0
github.com/the-loon-clan/loon-site/web/handlers/sitemappage_web.go:124.2,124.21 1 1
github.com/the-loon-clan/loon-site/web/handlers/sitemappage_web.go:124.21,126.3 1 0
github.com/the-loon-clan/loon-site/web/handlers/sitemappage_web.go:128.2,131.4 1 1
github.com/the-loon-clan/loon-site/web/handlers/sitemappage_web.go:135.60,136.27 1 0
github.com/the-loon-clan/loon-site/web/handlers/sitemappage_web.go:136.27,137.29 1 0
github.com/the-loon-clan/loon-site/web/handlers/sitemappage_web.go:137.29,138.22 1 0
github.com/the-loon-clan/loon-site/web/handlers/sitemappage_web.go:138.22,140.5 1 0
github.com/the-loon-clan/loon-site/web/handlers/sitemappage_web.go:143.2,143.14 1 0
github.com/the-loon-clan/loon-site/web/handlers/store_web.go:29.30,35.71 1 0
github.com/the-loon-clan/loon-site/web/handlers/store_web.go:35.71,37.4 1 0
github.com/the-loon-clan/loon-site/web/handlers/store_web.go:45.88,47.4 1 0
github.com/the-loon-clan/loon-site/web/handlers/store_web.go:50.44,51.16 1 0
github.com/the-loon-clan/loon-site/web/handlers/store_web.go:51.16,53.5 1 0
github.com/the-loon-clan/loon-site/web/handlers/store_web.go:54.4,54.32 1 0
github.com/the-loon-clan/loon-site/web/handlers/store_web.go:79.58,80.42 1 1
github.com/the-loon-clan/loon-site/web/handlers/store_web.go:80.42,82.3 1 1
github.com/the-loon-clan/loon-site/web/handlers/store_web.go:83.2,87.4 1 1
github.com/the-loon-clan/loon-site/web/handlers/store_web.go:101.66,103.16 2 0
github.com/the-loon-clan/loon-site/web/handlers/store_web.go:103.16,106.3 2 0
github.com/the-loon-clan/loon-site/web/handlers/store_web.go:107.2,108.59 2 0
github.com/the-loon-clan/loon-site/web/handlers/store_web.go:108.59,111.3 2 0
github.com/the-loon-clan/loon-site/web/handlers/store_web.go:112.2,112.35 1 0
github.com/the-loon-clan/loon-site/web/handlers/store_web.go:117.65,119.2 1 0
github.com/the-loon-clan/loon-site/web/handlers/store_web.go:124.63,126.2 1 0
github.com/the-loon-clan/loon-site/web/handlers/subscriptions_web.go:32.49,34.9 2 1
github.com/the-loon-clan/loon-site/web/handlers/subscriptions_web.go:34.9,36.3 1 0
github.com/the-loon-clan/loon-site/web/handlers/subscriptions_web.go:37.2,41.12 4 1
github.com/the-loon-clan/loon-site/web/handlers/subscriptions_web.go:41.12,43.3 1 0
github.com/the-loon-clan/loon-site/web/handlers/subscriptions_web.go:44.2,54.4 2 1
github.com/the-loon-clan/loon-site/web/handlers/theme.go:93.33,93.57 1 1
github.com/the-loon-clan/loon-site/web/handlers/theme.go:99.43,100.31 1 1
github.com/the-loon-clan/loon-site/web/handlers/theme.go:100.31,101.20 1 1
github.com/the-loon-clan/loon-site/web/handlers/theme.go:101.20,103.4 1 1
github.com/the-loon-clan/loon-site/web/handlers/theme.go:105.2,105.23 1 1
github.com/the-loon-clan/loon-site/web/handlers/theme.go:111.47,112.34 1 1
github.com/the-loon-clan/loon-site/web/handlers/theme.go:112.34,114.3 1 0
github.com/the-loon-clan/loon-site/web/handlers/theme.go:115.2,116.16 2 1
github.com/the-loon-clan/loon-site/web/handlers/theme.go:116.16,118.3 1 1
github.com/the-loon-clan/loon-site/web/handlers/theme.go:119.2,119.26 1 1
github.com/the-loon-clan/loon-site/web/handlers/theme.go:126.40,141.2 5 1
github.com/the-loon-clan/loon-site/web/handlers/theme.go:149.51,150.55 1 1
github.com/the-loon-clan/loon-site/web/handlers/theme.go:150.55,152.3 1 1
github.com/the-loon-clan/loon-site/web/handlers/theme.go:153.2,153.70 1 1
github.com/the-loon-clan/loon-site/web/handlers/theme.go:153.70,155.3 1 1
github.com/the-loon-clan/loon-site/web/handlers/theme.go:156.2,156.12 1 1
github.com/the-loon-clan/loon-site/web/handlers/theme.go:170.54,175.49 1 1
github.com/the-loon-clan/loon-site/web/handlers/theme.go:175.49,175.81 1 1
github.com/the-loon-clan/loon-site/web/handlers/theme.go:175.83,177.3 1 1
github.com/the-loon-clan/loon-site/web/handlers/theme.go:178.2,179.15 2 1
github.com/the-loon-clan/loon-site/web/handlers/theme.go:179.15,181.3 1 1
github.com/the-loon-clan/loon-site/web/handlers/theme.go:182.2,183.16 2 1
github.com/the-loon-clan/loon-site/web/handlers/theme.go:183.16,185.3 1 0
github.com/the-loon-clan/loon-site/web/handlers/theme.go:186.2,186.54 1 1
github.com/the-loon-clan/loon-site/web/handlers/theme.go:186.54,187.37 1 1
github.com/the-loon-clan/loon-site/web/handlers/theme.go:187.37,189.4 1 1
github.com/the-loon-clan/loon-site/web/handlers/theme.go:190.3,190.66 1 1
github.com/the-loon-clan/loon-site/web/handlers/theme.go:190.66,192.4 1 0
github.com/the-loon-clan/loon-site/web/handlers/theme.go:196.2,196.107 1 1
github.com/the-loon-clan/loon-site/web/handlers/theme.go:196.107,198.3 1 1
github.com/the-loon-clan/loon-site/web/handlers/theme.go:199.2,200.22 2 1
github.com/the-loon-clan/loon-site/web/handlers/theme.go:200.22,202.3 1 1
github.com/the-loon-clan/loon-site/web/handlers/theme.go:203.2,203.16 1 1
github.com/the-loon-clan/loon-site/web/handlers/tickets_web.go:29.52,30.37 1 0
github.com/the-loon-clan/loon-site/web/handlers/tickets_web.go:30.37,31.49 1 0
github.com/the-loon-clan/loon-site/web/handlers/tickets_web.go:31.49,33.4 1 0
github.com/the-loon-clan/loon-site/web/handlers/tickets_web.go:35.2,40.83 1 0
github.com/the-loon-clan/loon-site/web/handlers/tickets_web.go:40.83,43.4 1 0
github.com/the-loon-clan/loon-site/web/handlers/tickets_web.go:48.88,50.4 1 0
github.com/the-loon-clan/loon-site/web/handlers/tickets_web.go:54.44,55.16 1 0
github.com/the-loon-clan/loon-site/web/handlers/tickets_web.go:55.16,57.5 1 0
github.com/the-loon-clan/loon-site/web/handlers/tickets_web.go:58.4,58.32 1 0
github.com/the-loon-clan/loon-site/web/handlers/tickets_web.go:63.49,65.23 2 0
github.com/the-loon-clan/loon-site/web/handlers/tickets_web.go:65.23,67.5 1 0
github.com/the-loon-clan/loon-site/web/handlers/tickets_web.go:68.4,74.5 1 0
github.com/the-loon-clan/loon-site/web/handlers/tickets_web.go:79.68,81.30 2 0
github.com/the-loon-clan/loon-site/web/handlers/tickets_web.go:81.30,83.5 1 0
github.com/the-loon-clan/loon-site/web/handlers/tickets_web.go:84.4,84.42 1 0
github.com/the-loon-clan/loon-site/web/handlers/tickets_web.go:96.59,96.95 1 0
github.com/the-loon-clan/loon-site/web/handlers/tickets_web.go:106.104,107.45 1 0
github.com/the-loon-clan/loon-site/web/handlers/tickets_web.go:107.45,109.5 1 0
github.com/the-loon-clan/loon-site/web/handlers/tickets_web.go:110.4,115.6 1 0
github.com/the-loon-clan/loon-site/web/handlers/tickets_web.go:117.126,123.77 1 0
github.com/the-loon-clan/loon-site/web/handlers/tickets_web.go:123.77,125.5 1 0
github.com/the-loon-clan/loon-site/web/handlers/tickets_web.go:126.4,132.6 1 0
github.com/the-loon-clan/loon-site/web/handlers/tickets_web.go:135.2,135.12 1 0
github.com/the-loon-clan/loon-site/web/handlers/tickets_web.go:150.51,152.28 2 0
github.com/the-loon-clan/loon-site/web/handlers/tickets_web.go:153.15,154.19 1 0
github.com/the-loon-clan/loon-site/web/handlers/tickets_web.go:155.13,156.17 1 0
github.com/the-loon-clan/loon-site/web/handlers/tickets_web.go:157.21,158.20 1 0
github.com/the-loon-clan/loon-site/web/handlers/tickets_web.go:160.2,164.3 1 0
github.com/the-loon-clan/loon-site/web/handlers/tmplfuncs.go:41.52,48.2 1 1
github.com/the-loon-clan/loon-site/web/handlers/tmplfuncs.go:52.38,54.41 2 1
github.com/the-loon-clan/loon-site/web/handlers/tmplfuncs.go:54.41,56.3 1 1
github.com/the-loon-clan/loon-site/web/handlers/tmplfuncs.go:57.2,57.45 1 1
github.com/the-loon-clan/loon-site/web/handlers/tmplfuncs.go:63.44,65.40 2 1
github.com/the-loon-clan/loon-site/web/handlers/tmplfuncs.go:65.40,65.69 1 1
github.com/the-loon-clan/loon-site/web/handlers/tmplfuncs.go:66.2,66.12 1 1
github.com/the-loon-clan/loon-site/web/handlers/tmplfuncs.go:84.37,99.27 1 1
github.com/the-loon-clan/loon-site/web/handlers/tmplfuncs.go:99.27,99.52 1 1
github.com/the-loon-clan/loon-site/web/handlers/tmplfuncs.go:117.34,117.50 1 1
github.com/the-loon-clan/loon-site/web/handlers/tmplfuncs.go:130.36,131.24 1 1
github.com/the-loon-clan/loon-site/web/handlers/tmplfuncs.go:131.24,133.5 1 1
github.com/the-loon-clan/loon-site/web/handlers/tmplfuncs.go:134.4,134.13 1 1
github.com/the-loon-clan/loon-site/web/handlers/tmplfuncs.go:147.25,148.23 1 1
github.com/the-loon-clan/loon-site/web/handlers/tmplfuncs.go:149.11,150.12 1 1
github.com/the-loon-clan/loon-site/web/handlers/tmplfuncs.go:151.14,152.11 1 1
github.com/the-loon-clan/loon-site/web/handlers/tmplfuncs.go:153.15,154.15 1 1
github.com/the-loon-clan/loon-site/web/handlers/tmplfuncs.go:154.15,156.4 1 1
github.com/the-loon-clan/loon-site/web/handlers/tmplfuncs.go:157.3,157.12 1 1
github.com/the-loon-clan/loon-site/web/handlers/tmplfuncs.go:159.2,159.22 1 0
github.com/the-loon-clan/loon-site/web/handlers/tmplfuncs.go:170.40,173.2 2 1
github.com/the-loon-clan/loon-site/web/handlers/tmplfuncs.go:179.63,180.30 1 1
github.com/the-loon-clan/loon-site/web/handlers/tmplfuncs.go:180.30,181.31 1 1
github.com/the-loon-clan/loon-site/web/handlers/tmplfuncs.go:181.31,183.4 1 1
github.com/the-loon-clan/loon-site/web/handlers/tmplfuncs.go:185.2,185.14 1 1
github.com/the-loon-clan/loon-site/web/handlers/tmplfuncs.go:198.33,199.23 1 0
github.com/the-loon-clan/loon-site/web/handlers/tmplfuncs.go:200.17,201.20 1 0
github.com/the-loon-clan/loon-site/web/handlers/tmplfuncs.go:202.18,203.15 1 0
github.com/the-loon-clan/loon-site/web/handlers/tmplfuncs.go:203.15,205.4 1 0
github.com/the-loon-clan/loon-site/web/handlers/tmplfuncs.go:206.3,206.21 1 0
github.com/the-loon-clan/loon-site/web/handlers/tmplfuncs.go:208.2,208.11 1 0
github.com/the-loon-clan/loon-site/web/handlers/tmplfuncs.go:211.34,212.16 1 1
github.com/the-loon-clan/loon-site/web/handlers/tmplfuncs.go:212.16,214.3 1 1
github.com/the-loon-clan/loon-site/web/handlers/tmplfuncs.go:215.2,216.44 2 1
github.com/the-loon-clan/loon-site/web/handlers/tmplfuncs.go:216.44,217.13 1 1
github.com/the-loon-clan/loon-site/web/handlers/tmplfuncs.go:217.13,219.4 1 1
github.com/the-loon-clan/loon-site/web/handlers/tmplfuncs.go:220.3,220.48 1 1
github.com/the-loon-clan/loon-site/web/handlers/tmplfuncs.go:222.2,222.9 1 1
github.com/the-loon-clan/loon-site/web/handlers/tmplfuncs.go:223.23,224.20 1 1
github.com/the-loon-clan/loon-site/web/handlers/tmplfuncs.go:225.21,226.46 1 0
github.com/the-loon-clan/loon-site/web/handlers/tmplfuncs.go:227.24,228.42 1 1
github.com/the-loon-clan/loon-site/web/handlers/tmplfuncs.go:229.26,230.46 1 1
github.com/the-loon-clan/loon-site/web/handlers/tmplfuncs.go:231.27,232.49 1 1
github.com/the-loon-clan/loon-site/web/handlers/tmplfuncs.go:233.28,234.51 1 0
github.com/the-loon-clan/loon-site/web/handlers/tmplfuncs.go:235.10,236.51 1 0
github.com/the-loon-clan/loon-site/web/handlers/tmplfuncs.go:242.36,243.16 1 1
github.com/the-loon-clan/loon-site/web/handlers/tmplfuncs.go:243.16,245.3 1 0
github.com/the-loon-clan/loon-site/web/handlers/tmplfuncs.go:246.2,246.31 1 1
github.com/the-loon-clan/loon-site/web/handlers/tmplfuncs.go:258.30,262.2 3 1
github.com/the-loon-clan/loon-site/web/handlers/tmplfuncs.go:267.32,270.22 3 1
github.com/the-loon-clan/loon-site/web/handlers/tmplfuncs.go:270.22,272.13 2 1
github.com/the-loon-clan/loon-site/web/handlers/tmplfuncs.go:272.13,274.12 2 1
github.com/the-loon-clan/loon-site/web/handlers/tmplfuncs.go:276.3,276.14 1 1
github.com/the-loon-clan/loon-site/web/handlers/tmplfuncs.go:276.14,278.21 2 1
github.com/the-loon-clan/loon-site/web/handlers/tmplfuncs.go:278.21,279.10 1 1
github.com/the-loon-clan/loon-site/web/handlers/tmplfuncs.go:282.3,282.16 1 1
github.com/the-loon-clan/loon-site/web/handlers/tmplfuncs.go:284.2,284.20 1 1
github.com/the-loon-clan/loon-site/web/handlers/tmplfuncs.go:296.29,302.30 1 1
github.com/the-loon-clan/loon-site/web/handlers/tmplfuncs.go:302.30,303.15 1 1
github.com/the-loon-clan/loon-site/web/handlers/tmplfuncs.go:303.15,305.4 1 1
github.com/the-loon-clan/loon-site/web/handlers/tmplfuncs.go:306.3,306.9 1 1
github.com/the-loon-clan/loon-site/web/handlers/tmplfuncs.go:308.2,308.23 1 1
github.com/the-loon-clan/loon-site/web/handlers/tmplfuncs.go:309.17,310.10 1 1
github.com/the-loon-clan/loon-site/web/handlers/tmplfuncs.go:311.29,312.19 1 0
github.com/the-loon-clan/loon-site/web/handlers/tmplfuncs.go:313.31,314.21 1 0
github.com/the-loon-clan/loon-site/web/handlers/tmplfuncs.go:315.34,316.24 1 0
github.com/the-loon-clan/loon-site/web/handlers/tmplfuncs.go:317.26,318.16 1 0
github.com/the-loon-clan/loon-site/web/handlers/tmplfuncs.go:319.28,320.18 1 1
github.com/the-loon-clan/loon-site/web/handlers/tmplfuncs.go:322.14,323.48 1 1
github.com/the-loon-clan/loon-site/web/handlers/tmplfuncs.go:324.42,325.18 1 1
github.com/the-loon-clan/loon-site/web/handlers/tmplfuncs.go:326.36,327.16 1 1
github.com/the-loon-clan/loon-site/web/handlers/tmplfuncs.go:328.34,329.24 1 0
github.com/the-loon-clan/loon-site/web/handlers/tmplfuncs.go:330.17,331.19 1 0
github.com/the-loon-clan/loon-site/web/handlers/tmplfuncs.go:332.19,333.21 1 0
github.com/the-loon-clan/loon-site/web/handlers/tmplfuncs.go:336.2,336.17 1 1
github.com/the-loon-clan/loon-site/web/handlers/tmplfuncs.go:346.26,347.37 1 0
github.com/the-loon-clan/loon-site/web/handlers/tmplfuncs.go:347.37,348.24 1 0
github.com/the-loon-clan/loon-site/web/handlers/tmplfuncs.go:349.12,350.25 1 0
github.com/the-loon-clan/loon-site/web/handlers/tmplfuncs.go:351.14,352.25 1 0
github.com/the-loon-clan/loon-site/web/handlers/tmplfuncs.go:353.14,354.18 1 0
github.com/the-loon-clan/loon-site/web/handlers/tmplfuncs.go:355.13,356.25 1 0
github.com/the-loon-clan/loon-site/web/handlers/tmplfuncs.go:357.15,358.25 1 0
github.com/the-loon-clan/loon-site/web/handlers/tmplfuncs.go:359.15,360.25 1 0
github.com/the-loon-clan/loon-site/web/handlers/tmplfuncs.go:362.3,362.18 1 0
github.com/the-loon-clan/loon-site/web/handlers/tmplfuncs.go:364.2,368.29 3 0
github.com/the-loon-clan/loon-site/web/handlers/tmplfuncs.go:376.30,377.21 1 1
github.com/the-loon-clan/loon-site/web/handlers/tmplfuncs.go:378.15,379.17 1 1
github.com/the-loon-clan/loon-site/web/handlers/tmplfuncs.go:380.13,381.21 1 0
github.com/the-loon-clan/loon-site/web/handlers/tmplfuncs.go:382.21,383.23 1 0
github.com/the-loon-clan/loon-site/web/handlers/tmplfuncs.go:384.16,385.18 1 0
github.com/the-loon-clan/loon-site/web/handlers/tmplfuncs.go:386.18,387.20 1 0
github.com/the-loon-clan/loon-site/web/handlers/tmplfuncs.go:389.2,389.17 1 1
github.com/the-loon-clan/loon-site/web/handlers/tmplfuncs.go:394.35,395.9 1 1
github.com/the-loon-clan/loon-site/web/handlers/tmplfuncs.go:396.28,397.18 1 0
github.com/the-loon-clan/loon-site/web/handlers/tmplfuncs.go:398.30,399.20 1 0
github.com/the-loon-clan/loon-site/web/handlers/tmplfuncs.go:400.33,401.23 1 0
github.com/the-loon-clan/loon-site/web/handlers/tmplfuncs.go:402.25,403.21 1 1
github.com/the-loon-clan/loon-site/web/handlers/tmplfuncs.go:404.27,405.17 1 1
github.com/the-loon-clan/loon-site/web/handlers/tmplfuncs.go:406.10,407.18 1 1
github.com/the-loon-clan/loon-site/web/handlers/tmplfuncs.go:412.28,414.30 2 1
github.com/the-loon-clan/loon-site/web/handlers/tmplfuncs.go:414.30,415.17 1 1
github.com/the-loon-clan/loon-site/web/handlers/tmplfuncs.go:416.10,417.17 1 1
github.com/the-loon-clan/loon-site/web/handlers/tmplfuncs.go:418.10,419.17 1 1
github.com/the-loon-clan/loon-site/web/handlers/tmplfuncs.go:420.10,421.17 1 1
github.com/the-loon-clan/loon-site/web/handlers/tmplfuncs.go:424.2,424.33 1 1
github.com/the-loon-clan/loon-site/web/handlers/tmplfuncs.go:431.46,432.20 1 1
github.com/the-loon-clan/loon-site/web/handlers/tmplfuncs.go:432.20,434.3 1 1
github.com/the-loon-clan/loon-site/web/handlers/tmplfuncs.go:435.2,436.34 2 1
github.com/the-loon-clan/loon-site/web/handlers/tmplfuncs.go:436.34,438.10 2 1
github.com/the-loon-clan/loon-site/web/handlers/tmplfuncs.go:438.10,440.4 1 1
github.com/the-loon-clan/loon-site/web/handlers/tmplfuncs.go:441.3,441.17 1 1
github.com/the-loon-clan/loon-site/web/handlers/tmplfuncs.go:443.2,443.15 1 1
github.com/the-loon-clan/loon-site/web/handlers/totp_web.go:55.35,57.40 2 1
github.com/the-loon-clan/loon-site/web/handlers/totp_web.go:57.40,59.3 1 0
github.com/the-loon-clan/loon-site/web/handlers/totp_web.go:62.2,62.80 1 1
github.com/the-loon-clan/loon-site/web/handlers/totp_web.go:66.62,69.16 2 1
github.com/the-loon-clan/loon-site/web/handlers/totp_web.go:69.16,71.3 1 1
github.com/the-loon-clan/loon-site/web/handlers/totp_web.go:72.2,82.34 9 1
github.com/the-loon-clan/loon-site/web/handlers/totp_web.go:82.34,84.3 1 1
github.com/the-loon-clan/loon-site/web/handlers/totp_web.go:85.2,85.52 1 1
github.com/the-loon-clan/loon-site/web/handlers/totp_web.go:93.56,95.45 2 1
github.com/the-loon-clan/loon-site/web/handlers/totp_web.go:95.45,97.3 1 1
github.com/the-loon-clan/loon-site/web/handlers/totp_web.go:98.2,99.41 2 1
github.com/the-loon-clan/loon-site/web/handlers/totp_web.go:99.41,101.17 2 1
github.com/the-loon-clan/loon-site/web/handlers/totp_web.go:101.17,103.4 1 1
github.com/the-loon-clan/loon-site/web/handlers/totp_web.go:104.3,104.66 1 1
github.com/the-loon-clan/loon-site/web/handlers/totp_web.go:104.66,106.4 1 1
github.com/the-loon-clan/loon-site/web/handlers/totp_web.go:108.2,108.14 1 1
github.com/the-loon-clan/loon-site/web/handlers/totp_web.go:116.53,125.2 8 0
github.com/the-loon-clan/loon-site/web/handlers/totp_web.go:128.40,130.22 2 0
github.com/the-loon-clan/loon-site/web/handlers/totp_web.go:130.22,131.24 1 0
github.com/the-loon-clan/loon-site/web/handlers/totp_web.go:131.24,133.4 1 0
github.com/the-loon-clan/loon-site/web/handlers/totp_web.go:134.3,134.17 1 0
github.com/the-loon-clan/loon-site/web/handlers/totp_web.go:136.2,136.19 1 0
github.com/the-loon-clan/loon-site/web/handlers/totp_web.go:151.40,153.40 2 1
github.com/the-loon-clan/loon-site/web/handlers/totp_web.go:153.40,155.3 1 0
github.com/the-loon-clan/loon-site/web/handlers/totp_web.go:156.2,157.33 2 1
github.com/the-loon-clan/loon-site/web/handlers/totp_web.go:161.45,163.2 1 1
github.com/the-loon-clan/loon-site/web/handlers/totp_web.go:174.71,176.2 1 1
github.com/the-loon-clan/loon-site/web/handlers/totp_web.go:178.69,180.2 1 1
github.com/the-loon-clan/loon-site/web/handlers/tracker_web.go:33.30,34.46 1 0
github.com/the-loon-clan/loon-site/web/handlers/tracker_web.go:34.46,36.3 1 0
github.com/the-loon-clan/loon-site/web/handlers/tracker_web.go:37.2,37.32 1 0
github.com/the-loon-clan/loon-site/web/handlers/tracker_web.go:44.35,49.71 1 0
github.com/the-loon-clan/loon-site/web/handlers/tracker_web.go:49.71,51.4 1 0
github.com/the-loon-clan/loon-site/web/handlers/tracker_web.go:61.42,61.68 1 0
github.com/the-loon-clan/loon-site/web/handlers/trending_web.go:53.40,56.57 3 1
github.com/the-loon-clan/loon-site/web/handlers/trending_web.go:56.57,57.39 1 0
github.com/the-loon-clan/loon-site/web/handlers/trending_web.go:57.39,58.21 1 0
github.com/the-loon-clan/loon-site/web/handlers/trending_web.go:58.21,60.5 1 0
github.com/the-loon-clan/loon-site/web/handlers/trending_web.go:64.2,65.38 2 1
github.com/the-loon-clan/loon-site/web/handlers/trending_web.go:65.38,72.3 1 1
github.com/the-loon-clan/loon-site/web/handlers/trending_web.go:74.2,82.36 4 1
github.com/the-loon-clan/loon-site/web/handlers/trending_web.go:93.78,94.21 1 1
github.com/the-loon-clan/loon-site/web/handlers/trending_web.go:94.21,96.3 1 1
github.com/the-loon-clan/loon-site/web/handlers/trending_web.go:97.2,99.35 3 0
github.com/the-loon-clan/loon-site/web/handlers/trending_web.go:99.35,101.3 1 0
github.com/the-loon-clan/loon-site/web/handlers/trending_web.go:105.2,107.25 3 0
github.com/the-loon-clan/loon-site/web/handlers/trending_web.go:107.25,109.24 2 0
github.com/the-loon-clan/loon-site/web/handlers/trending_web.go:109.24,110.12 1 0
github.com/the-loon-clan/loon-site/web/handlers/trending_web.go:112.3,115.25 4 0
github.com/the-loon-clan/loon-site/web/handlers/trending_web.go:115.25,116.9 1 0
github.com/the-loon-clan/loon-site/web/handlers/trending_web.go:119.2,123.13 3 0
github.com/the-loon-clan/loon-site/web/handlers/uiinspect_web.go:42.45,43.32 1 1
github.com/the-loon-clan/loon-site/web/handlers/uiinspect_web.go:43.32,45.3 1 1
github.com/the-loon-clan/loon-site/web/handlers/uiinspect_web.go:46.2,48.37 3 0
github.com/the-loon-clan/loon-site/web/handlers/uiinspect_web.go:52.42,58.45 2 0
github.com/the-loon-clan/loon-site/web/handlers/uiinspect_web.go:59.40,59.40 0 0
github.com/the-loon-clan/loon-site/web/handlers/uiinspect_web.go:60.10,62.9 2 0
github.com/the-loon-clan/loon-site/web/handlers/uiinspect_web.go:64.2,64.38 1 0
github.com/the-loon-clan/loon-site/web/handlers/uiinspect_web.go:68.41,70.29 2 0
github.com/the-loon-clan/loon-site/web/handlers/uiinspect_web.go:70.29,72.3 1 0
github.com/the-loon-clan/loon-site/web/handlers/uiinspect_web.go:73.2,74.49 2 0
github.com/the-loon-clan/loon-site/web/handlers/uiinspect_web.go:74.49,76.3 1 0
github.com/the-loon-clan/loon-site/web/handlers/uiinspect_web.go:79.2,80.53 2 0
github.com/the-loon-clan/loon-site/web/handlers/uiinspect_web.go:80.53,81.29 1 0
github.com/the-loon-clan/loon-site/web/handlers/uiinspect_web.go:81.29,83.39 2 0
github.com/the-loon-clan/loon-site/web/handlers/uiinspect_web.go:83.39,84.13 1 0
github.com/the-loon-clan/loon-site/web/handlers/uiinspect_web.go:86.4,86.44 1 0
github.com/the-loon-clan/loon-site/web/handlers/uiinspect_web.go:87.42,88.37 1 0
github.com/the-loon-clan/loon-site/web/handlers/uiinspect_web.go:99.2,100.16 2 0
github.com/the-loon-clan/loon-site/web/handlers/uiinspect_web.go:100.16,103.3 2 0
github.com/the-loon-clan/loon-site/web/handlers/uiinspect_web.go:104.2,111.17 4 0
github.com/the-loon-clan/loon-site/web/handlers/uiinspect_web.go:111.17,114.3 1 0
github.com/the-loon-clan/loon-site/web/handlers/uiinspect_web.go:147.43,149.45 2 0
github.com/the-loon-clan/loon-site/web/handlers/uiinspect_web.go:149.45,152.3 2 0
github.com/the-loon-clan/loon-site/web/handlers/uiinspect_web.go:153.2,154.37 2 0
github.com/the-loon-clan/loon-site/web/handlers/uiinspect_web.go:154.37,156.3 1 0
github.com/the-loon-clan/loon-site/web/handlers/uiinspect_web.go:157.2,157.22 1 0
github.com/the-loon-clan/loon-site/web/handlers/uiinspect_web.go:157.22,159.3 1 0
github.com/the-loon-clan/loon-site/web/handlers/uiinspect_web.go:160.2,160.43 1 0
github.com/the-loon-clan/loon-site/web/handlers/uiinspect_web.go:160.43,163.3 2 0
github.com/the-loon-clan/loon-site/web/handlers/uiinspect_web.go:164.2,165.16 2 0
github.com/the-loon-clan/loon-site/web/handlers/uiinspect_web.go:165.16,168.3 2 0
github.com/the-loon-clan/loon-site/web/handlers/uiinspect_web.go:169.2,170.53 2 0
github.com/the-loon-clan/loon-site/web/handlers/uiinspect_web.go:170.53,173.3 2 0
github.com/the-loon-clan/loon-site/web/handlers/uiinspect_web.go:174.2,174.52 1 0
github.com/the-loon-clan/loon-site/web/handlers/undo_web.go:59.37,61.40 2 0
github.com/the-loon-clan/loon-site/web/handlers/undo_web.go:61.40,63.3 1 0
github.com/the-loon-clan/loon-site/web/handlers/undo_web.go:64.2,64.53 1 0
github.com/the-loon-clan/loon-site/web/handlers/undo_web.go:73.94,74.36 1 0
github.com/the-loon-clan/loon-site/web/handlers/undo_web.go:74.36,76.3 1 0
github.com/the-loon-clan/loon-site/web/handlers/undo_web.go:77.2,78.16 2 0
github.com/the-loon-clan/loon-site/web/handlers/undo_web.go:78.16,80.3 1 0
github.com/the-loon-clan/loon-site/web/handlers/undo_web.go:81.2,82.16 2 0
github.com/the-loon-clan/loon-site/web/handlers/undo_web.go:82.16,84.3 1 0
github.com/the-loon-clan/loon-site/web/handlers/undo_web.go:85.2,88.63 1 0
github.com/the-loon-clan/loon-site/web/handlers/undo_web.go:88.63,90.3 1 0
github.com/the-loon-clan/loon-site/web/handlers/undo_web.go:91.2,91.14 1 0
github.com/the-loon-clan/loon-site/web/handlers/undo_web.go:106.115,108.2 1 1
github.com/the-loon-clan/loon-site/web/handlers/undo_web.go:119.92,120.51 1 0
github.com/the-loon-clan/loon-site/web/handlers/undo_web.go:120.51,122.3 1 0
github.com/the-loon-clan/loon-site/web/handlers/undo_web.go:123.2,133.57 2 0
github.com/the-loon-clan/loon-site/web/handlers/undo_web.go:133.57,135.3 1 0
github.com/the-loon-clan/loon-site/web/handlers/undo_web.go:136.2,137.9 2 0
github.com/the-loon-clan/loon-site/web/handlers/undo_web.go:137.9,142.3 1 0
github.com/the-loon-clan/loon-site/web/handlers/undo_web.go:143.2,143.61 1 0
github.com/the-loon-clan/loon-site/web/handlers/undo_web.go:143.61,149.3 2 0
github.com/the-loon-clan/loon-site/web/handlers/undo_web.go:150.2,150.22 1 0
github.com/the-loon-clan/loon-site/web/handlers/undo_web.go:155.61,156.21 1 0
github.com/the-loon-clan/loon-site/web/handlers/undo_web.go:156.21,158.3 1 0
github.com/the-loon-clan/loon-site/web/handlers/undo_web.go:159.2,161.16 2 0
github.com/the-loon-clan/loon-site/web/handlers/undo_web.go:161.16,163.3 1 0
github.com/the-loon-clan/loon-site/web/handlers/undo_web.go:164.2,164.27 1 0
github.com/the-loon-clan/loon-site/web/handlers/undo_web.go:173.40,175.9 2 0
github.com/the-loon-clan/loon-site/web/handlers/undo_web.go:175.9,177.3 1 0
github.com/the-loon-clan/loon-site/web/handlers/undo_web.go:178.2,180.55 3 0
github.com/the-loon-clan/loon-site/web/handlers/undo_web.go:180.55,182.3 1 0
github.com/the-loon-clan/loon-site/web/handlers/undo_web.go:183.2,184.58 2 0
github.com/the-loon-clan/loon-site/web/handlers/undo_web.go:184.58,186.3 1 0
github.com/the-loon-clan/loon-site/web/handlers/undo_web.go:187.2,187.78 1 0
github.com/the-loon-clan/loon-site/web/handlers/undo_web.go:187.78,191.3 3 0
github.com/the-loon-clan/loon-site/web/handlers/undo_web.go:192.2,192.54 1 0
github.com/the-loon-clan/loon-site/web/handlers/undo_web.go:196.42,197.30 1 0
github.com/the-loon-clan/loon-site/web/handlers/undo_web.go:197.30,198.16 1 0
github.com/the-loon-clan/loon-site/web/handlers/undo_web.go:198.16,200.4 1 0
github.com/the-loon-clan/loon-site/web/handlers/undo_web.go:202.2,202.14 1 0
github.com/the-loon-clan/loon-site/web/handlers/usenet_web.go:33.42,34.24 1 0
github.com/the-loon-clan/loon-site/web/handlers/usenet_web.go:34.24,37.3 2 0
github.com/the-loon-clan/loon-site/web/handlers/usenet_web.go:38.2,55.15 6 0
github.com/the-loon-clan/loon-site/web/handlers/usenet_web.go:55.15,58.77 3 0
github.com/the-loon-clan/loon-site/web/handlers/usenet_web.go:58.77,61.4 2 0
github.com/the-loon-clan/loon-site/web/handlers/usenet_web.go:63.2,64.16 2 0
github.com/the-loon-clan/loon-site/web/handlers/usenet_web.go:64.16,67.3 2 0
github.com/the-loon-clan/loon-site/web/handlers/usenet_web.go:68.2,68.15 1 0
github.com/the-loon-clan/loon-site/web/handlers/usenet_web.go:68.15,72.3 1 0
github.com/the-loon-clan/loon-site/web/handlers/usenet_web.go:73.2,73.30 1 0
github.com/the-loon-clan/loon-site/web/handlers/usenet_web.go:80.40,81.39 1 1
github.com/the-loon-clan/loon-site/web/handlers/usenet_web.go:81.39,82.40 1 1
github.com/the-loon-clan/loon-site/web/handlers/usenet_web.go:82.40,84.4 1 1
github.com/the-loon-clan/loon-site/web/handlers/usenet_web.go:85.3,85.11 1 1
github.com/the-loon-clan/loon-site/web/handlers/usenet_web.go:89.79,90.24 1 1
github.com/the-loon-clan/loon-site/web/handlers/usenet_web.go:90.24,92.3 1 1
github.com/the-loon-clan/loon-site/web/handlers/usenet_web.go:93.2,94.50 2 1
github.com/the-loon-clan/loon-site/web/handlers/usenet_web.go:97.44,99.26 2 1
github.com/the-loon-clan/loon-site/web/handlers/usenet_web.go:99.26,101.3 1 1
github.com/the-loon-clan/loon-site/web/handlers/usenet_web.go:102.2,102.40 1 1
github.com/the-loon-clan/loon-site/web/handlers/usenet_web.go:106.32,107.13 1 1
github.com/the-loon-clan/loon-site/web/handlers/usenet_web.go:107.13,109.3 1 1
github.com/the-loon-clan/loon-site/web/handlers/usenet_web.go:110.2,111.45 2 1
github.com/the-loon-clan/loon-site/web/handlers/usenet_web.go:111.45,112.75 1 1
github.com/the-loon-clan/loon-site/web/handlers/usenet_web.go:112.75,114.4 1 1
github.com/the-loon-clan/loon-site/web/handlers/usenet_web.go:116.2,116.12 1 1
github.com/the-loon-clan/loon-site/web/handlers/usenet_web.go:121.43,123.16 2 0
github.com/the-loon-clan/loon-site/web/handlers/usenet_web.go:123.16,126.3 2 0
github.com/the-loon-clan/loon-site/web/handlers/usenet_web.go:127.2,127.21 1 0
github.com/the-loon-clan/loon-site/web/handlers/usenet_web.go:127.21,130.3 2 0
github.com/the-loon-clan/loon-site/web/handlers/usenet_web.go:131.2,132.23 2 0
github.com/the-loon-clan/loon-site/web/handlers/usenet_web.go:132.23,136.3 3 0
github.com/the-loon-clan/loon-site/web/handlers/usenet_web.go:137.2,139.28 3 0
github.com/the-loon-clan/loon-site/web/handlers/usenet_web.go:139.28,140.80 1 0
github.com/the-loon-clan/loon-site/web/handlers/usenet_web.go:140.80,147.65 3 0
github.com/the-loon-clan/loon-site/web/handlers/usenet_web.go:147.65,149.5 1 0
github.com/the-loon-clan/loon-site/web/handlers/usenet_web.go:151.4,151.77 1 0
github.com/the-loon-clan/loon-site/web/handlers/usenet_web.go:151.77,153.5 1 0
github.com/the-loon-clan/loon-site/web/handlers/usenet_web.go:160.2,160.78 1 0
github.com/the-loon-clan/loon-site/web/handlers/usenet_web.go:160.78,162.3 1 0
github.com/the-loon-clan/loon-site/web/handlers/usenet_web.go:166.2,167.53 2 0
github.com/the-loon-clan/loon-site/web/handlers/usenet_web.go:167.53,169.3 1 0
github.com/the-loon-clan/loon-site/web/handlers/usenet_web.go:172.2,172.55 1 0
github.com/the-loon-clan/loon-site/web/handlers/usenet_web.go:172.55,175.3 2 0
github.com/the-loon-clan/loon-site/web/handlers/usenet_web.go:176.2,176.35 1 0
github.com/the-loon-clan/loon-site/web/handlers/usenet_web.go:198.55,203.24 2 0
github.com/the-loon-clan/loon-site/web/handlers/usenet_web.go:203.24,205.3 1 0
github.com/the-loon-clan/loon-site/web/handlers/usenet_web.go:206.2,206.83 1 0
github.com/the-loon-clan/loon-site/web/handlers/usenet_web.go:206.83,207.14 1 0
github.com/the-loon-clan/loon-site/web/handlers/usenet_web.go:207.14,209.4 1 0
github.com/the-loon-clan/loon-site/web/handlers/usenet_web.go:211.2,211.28 1 0
github.com/the-loon-clan/loon-site/web/handlers/usenet_web.go:211.28,213.3 1 0
github.com/the-loon-clan/loon-site/web/handlers/usenet_web.go:214.2,214.11 1 0
github.com/the-loon-clan/loon-site/web/handlers/usenet_web.go:218.43,219.21 1 0
github.com/the-loon-clan/loon-site/web/handlers/usenet_web.go:219.21,222.3 2 0
github.com/the-loon-clan/loon-site/web/handlers/usenet_web.go:223.2,224.16 2 0
github.com/the-loon-clan/loon-site/web/handlers/usenet_web.go:224.16,227.3 2 0
github.com/the-loon-clan/loon-site/web/handlers/usenet_web.go:228.2,229.34 2 0
github.com/the-loon-clan/loon-site/web/handlers/usenet_web.go:229.34,232.3 2 0
github.com/the-loon-clan/loon-site/web/handlers/usenet_web.go:233.2,233.20 1 0
github.com/the-loon-clan/loon-site/web/handlers/usenet_web.go:233.20,235.3 1 0
github.com/the-loon-clan/loon-site/web/handlers/usenet_web.go:240.2,241.47 2 0
github.com/the-loon-clan/loon-site/web/handlers/usenet_web.go:241.47,243.3 1 0
github.com/the-loon-clan/loon-site/web/handlers/usenet_web.go:244.2,247.50 3 0
github.com/the-loon-clan/loon-site/web/handlers/usenet_web.go:289.78,290.20 1 0
github.com/the-loon-clan/loon-site/web/handlers/usenet_web.go:290.20,292.3 1 0
github.com/the-loon-clan/loon-site/web/handlers/usenet_web.go:293.2,294.25 2 0
github.com/the-loon-clan/loon-site/web/handlers/usenet_web.go:294.25,296.3 1 0
github.com/the-loon-clan/loon-site/web/handlers/usenet_web.go:297.2,298.19 2 0
github.com/the-loon-clan/loon-site/web/handlers/usenet_web.go:298.19,300.3 1 0
github.com/the-loon-clan/loon-site/web/handlers/usenet_web.go:301.2,301.22 1 0
github.com/the-loon-clan/loon-site/web/handlers/usenet_web.go:301.22,303.3 1 0
github.com/the-loon-clan/loon-site/web/handlers/usenet_web.go:304.2,304.13 1 0
github.com/the-loon-clan/loon-site/web/handlers/usenet_web.go:313.78,314.20 1 0
github.com/the-loon-clan/loon-site/web/handlers/usenet_web.go:314.20,316.3 1 0
github.com/the-loon-clan/loon-site/web/handlers/usenet_web.go:317.2,318.25 2 0
github.com/the-loon-clan/loon-site/web/handlers/usenet_web.go:318.25,320.3 1 0
github.com/the-loon-clan/loon-site/web/handlers/usenet_web.go:321.2,322.19 2 0
github.com/the-loon-clan/loon-site/web/handlers/usenet_web.go:322.19,324.3 1 0
github.com/the-loon-clan/loon-site/web/handlers/usenet_web.go:325.2,325.22 1 0
github.com/the-loon-clan/loon-site/web/handlers/usenet_web.go:325.22,326.38 1 0
github.com/the-loon-clan/loon-site/web/handlers/usenet_web.go:326.38,330.4 3 0
github.com/the-loon-clan/loon-site/web/handlers/usenet_web.go:332.2,332.13 1 0
github.com/the-loon-clan/loon-site/web/handlers/usenet_web.go:335.55,337.23 2 1
github.com/the-loon-clan/loon-site/web/handlers/usenet_web.go:337.23,343.25 2 1
github.com/the-loon-clan/loon-site/web/handlers/usenet_web.go:343.25,345.4 1 1
github.com/the-loon-clan/loon-site/web/handlers/usenet_web.go:346.3,346.84 1 1
github.com/the-loon-clan/loon-site/web/handlers/usenet_web.go:346.84,347.15 1 1
github.com/the-loon-clan/loon-site/web/handlers/usenet_web.go:347.15,349.5 1 1
github.com/the-loon-clan/loon-site/web/handlers/usenet_web.go:351.3,351.15 1 1
github.com/the-loon-clan/loon-site/web/handlers/usenet_web.go:353.2,353.12 1 1
github.com/the-loon-clan/loon-site/web/handlers/usenet_web.go:404.69,406.41 2 0
github.com/the-loon-clan/loon-site/web/handlers/usenet_web.go:406.41,408.3 1 0
github.com/the-loon-clan/loon-site/web/handlers/usenet_web.go:414.2,415.16 2 0
github.com/the-loon-clan/loon-site/web/handlers/usenet_web.go:415.16,418.3 2 0
github.com/the-loon-clan/loon-site/web/handlers/usenet_web.go:419.2,422.20 4 0
github.com/the-loon-clan/loon-site/web/handlers/usenet_web.go:427.51,428.20 1 1
github.com/the-loon-clan/loon-site/web/handlers/usenet_web.go:428.20,430.3 1 1
github.com/the-loon-clan/loon-site/web/handlers/usenet_web.go:431.2,431.17 1 1
github.com/the-loon-clan/loon-site/web/handlers/usenet_web.go:438.56,440.25 2 1
github.com/the-loon-clan/loon-site/web/handlers/usenet_web.go:440.25,441.20 1 1
github.com/the-loon-clan/loon-site/web/handlers/usenet_web.go:441.20,442.43 1 1
github.com/the-loon-clan/loon-site/web/handlers/usenet_web.go:442.43,444.5 1 0
github.com/the-loon-clan/loon-site/web/handlers/usenet_web.go:447.2,447.25 1 1
github.com/the-loon-clan/loon-site/web/handlers/usenet_web.go:447.25,448.20 1 1
github.com/the-loon-clan/loon-site/web/handlers/usenet_web.go:448.20,449.43 1 1
github.com/the-loon-clan/loon-site/web/handlers/usenet_web.go:449.43,450.10 1 1
github.com/the-loon-clan/loon-site/web/handlers/usenet_web.go:454.2,454.12 1 1
github.com/the-loon-clan/loon-site/web/handlers/usenet_web.go:498.68,500.41 2 0
github.com/the-loon-clan/loon-site/web/handlers/usenet_web.go:500.41,502.3 1 0
github.com/the-loon-clan/loon-site/web/handlers/usenet_web.go:503.2,504.16 2 0
github.com/the-loon-clan/loon-site/web/handlers/usenet_web.go:504.16,507.3 2 0
github.com/the-loon-clan/loon-site/web/handlers/usenet_web.go:508.2,509.23 2 0
github.com/the-loon-clan/loon-site/web/handlers/usenet_web.go:509.23,511.47 2 0
github.com/the-loon-clan/loon-site/web/handlers/usenet_web.go:511.47,513.4 1 0
github.com/the-loon-clan/loon-site/web/handlers/usenet_web.go:515.2,516.47 2 0
github.com/the-loon-clan/loon-site/web/handlers/usenet_web.go:516.47,516.89 1 0
github.com/the-loon-clan/loon-site/web/handlers/usenet_web.go:517.2,517.27 1 0
github.com/the-loon-clan/loon-site/web/handlers/usenet_web.go:517.27,519.50 1 0
github.com/the-loon-clan/loon-site/web/handlers/usenet_web.go:519.50,520.9 1 0
github.com/the-loon-clan/loon-site/web/handlers/usenet_web.go:522.3,525.5 1 0
github.com/the-loon-clan/loon-site/web/handlers/usenet_web.go:527.2,528.17 2 0
github.com/the-loon-clan/loon-site/web/handlers/usenet_web.go:531.33,533.14 2 1
github.com/the-loon-clan/loon-site/web/handlers/usenet_web.go:533.14,535.3 1 1
github.com/the-loon-clan/loon-site/web/handlers/usenet_web.go:536.2,537.42 2 1
github.com/the-loon-clan/loon-site/web/handlers/usenet_web.go:537.42,540.3 2 1
github.com/the-loon-clan/loon-site/web/handlers/usenet_web.go:541.2,541.72 1 1
github.com/the-loon-clan/loon-site/web/handlers/version.go:34.25,36.18 2 0
github.com/the-loon-clan/loon-site/web/handlers/version.go:36.18,38.3 1 0
github.com/the-loon-clan/loon-site/web/handlers/version.go:39.2,40.15 2 0
github.com/the-loon-clan/loon-site/web/handlers/version.go:40.15,41.19 1 0
github.com/the-loon-clan/loon-site/web/handlers/version.go:41.19,43.4 1 0
github.com/the-loon-clan/loon-site/web/handlers/version.go:44.3,48.12 2 0
github.com/the-loon-clan/loon-site/web/handlers/version.go:48.12,50.4 1 0
github.com/the-loon-clan/loon-site/web/handlers/version.go:51.3,51.13 1 0
github.com/the-loon-clan/loon-site/web/handlers/version.go:53.2,53.12 1 0
github.com/the-loon-clan/loon-site/web/handlers/version.go:60.42,62.9 2 0
github.com/the-loon-clan/loon-site/web/handlers/version.go:62.9,64.3 1 0
github.com/the-loon-clan/loon-site/web/handlers/version.go:65.2,65.34 1 0
github.com/the-loon-clan/loon-site/web/handlers/version.go:65.34,66.16 1 0
github.com/the-loon-clan/loon-site/web/handlers/version.go:67.23,68.17 1 0
github.com/the-loon-clan/loon-site/web/handlers/version.go:69.23,70.46 1 0
github.com/the-loon-clan/loon-site/web/handlers/version.go:73.2,73.19 1 0
github.com/the-loon-clan/loon-site/web/handlers/views.go:157.91,187.81 2 1
github.com/the-loon-clan/loon-site/web/handlers/views.go:187.81,189.18 2 1
github.com/the-loon-clan/loon-site/web/handlers/views.go:189.18,191.5 1 0
github.com/the-loon-clan/loon-site/web/handlers/views.go:196.4,197.43 2 1
github.com/the-loon-clan/loon-site/web/handlers/views.go:206.2,206.37 1 1
github.com/the-loon-clan/loon-site/web/handlers/views.go:206.37,208.3 1 1
github.com/the-loon-clan/loon-site/web/handlers/views.go:209.2,209.10 1 1
github.com/the-loon-clan/loon-site/web/handlers/views.go:215.37,216.18 1 0
github.com/the-loon-clan/loon-site/web/handlers/views.go:216.18,218.3 1 0
github.com/the-loon-clan/loon-site/web/handlers/views.go:219.2,219.14 1 0
github.com/the-loon-clan/loon-site/web/handlers/views.go:226.71,227.20 1 0
github.com/the-loon-clan/loon-site/web/handlers/views.go:227.20,229.3 1 0
github.com/the-loon-clan/loon-site/web/handlers/views.go:230.2,231.16 2 0
github.com/the-loon-clan/loon-site/web/handlers/views.go:231.16,234.3 2 0
github.com/the-loon-clan/loon-site/web/handlers/views.go:235.2,235.12 1 0
github.com/the-loon-clan/loon-site/web/handlers/views.go:238.83,239.20 1 0
github.com/the-loon-clan/loon-site/web/handlers/views.go:239.20,241.3 1 0
github.com/the-loon-clan/loon-site/web/handlers/views.go:242.2,242.65 1 0
github.com/the-loon-clan/loon-site/web/handlers/views.go:242.65,244.3 1 0
github.com/the-loon-clan/loon-site/web/handlers/views.go:255.33,256.19 1 1
github.com/the-loon-clan/loon-site/web/handlers/views.go:256.19,258.3 1 0
github.com/the-loon-clan/loon-site/web/handlers/views.go:264.2,264.20 1 1
github.com/the-loon-clan/loon-site/web/handlers/views.go:267.62,269.2 1 1
github.com/the-loon-clan/loon-site/web/handlers/views.go:288.59,290.2 1 1
github.com/the-loon-clan/loon-site/web/handlers/views.go:298.57,300.21 2 1
github.com/the-loon-clan/loon-site/web/handlers/views.go:300.21,303.3 2 0
github.com/the-loon-clan/loon-site/web/handlers/views.go:304.2,304.16 1 1
github.com/the-loon-clan/loon-site/web/handlers/views.go:309.36,391.2 49 1
github.com/the-loon-clan/loon-site/web/handlers/views.go:397.43,399.16 2 1
github.com/the-loon-clan/loon-site/web/handlers/views.go:399.16,403.3 3 1
github.com/the-loon-clan/loon-site/web/handlers/views.go:404.2,407.34 3 1
github.com/the-loon-clan/loon-site/web/handlers/views.go:407.34,408.23 1 0
github.com/the-loon-clan/loon-site/web/handlers/views.go:408.23,409.12 1 0
github.com/the-loon-clan/loon-site/web/handlers/views.go:411.3,412.17 2 0
github.com/the-loon-clan/loon-site/web/handlers/views.go:412.17,414.12 2 0
github.com/the-loon-clan/loon-site/web/handlers/views.go:416.3,416.17 1 0
github.com/the-loon-clan/loon-site/web/handlers/views.go:416.17,417.12 1 0
github.com/the-loon-clan/loon-site/web/handlers/views.go:419.3,419.70 1 0
github.com/the-loon-clan/loon-site/web/handlers/views.go:422.2,445.13 6 1
github.com/the-loon-clan/loon-site/web/handlers/views.go:445.13,447.3 1 0
github.com/the-loon-clan/loon-site/web/handlers/views.go:449.2,470.13 3 1
github.com/the-loon-clan/loon-site/web/handlers/views.go:470.13,476.3 2 0
github.com/the-loon-clan/loon-site/web/handlers/views.go:485.2,490.66 2 1
github.com/the-loon-clan/loon-site/web/handlers/views.go:490.66,492.3 1 0
github.com/the-loon-clan/loon-site/web/handlers/views.go:493.2,493.21 1 1
github.com/the-loon-clan/loon-site/web/handlers/views.go:493.21,494.64 1 0
github.com/the-loon-clan/loon-site/web/handlers/views.go:494.64,496.4 1 0
github.com/the-loon-clan/loon-site/web/handlers/views.go:498.2,498.23 1 1
github.com/the-loon-clan/loon-site/web/handlers/views.go:498.23,499.62 1 0
github.com/the-loon-clan/loon-site/web/handlers/views.go:499.62,501.4 1 0
github.com/the-loon-clan/loon-site/web/handlers/views.go:506.2,506.56 1 1
github.com/the-loon-clan/loon-site/web/handlers/views.go:506.56,508.3 1 1
github.com/the-loon-clan/loon-site/web/handlers/views.go:513.2,513.94 1 1
github.com/the-loon-clan/loon-site/web/handlers/views.go:513.94,515.3 1 0
github.com/the-loon-clan/loon-site/web/handlers/views.go:519.2,519.74 1 1
github.com/the-loon-clan/loon-site/web/handlers/views.go:519.74,522.3 2 1
github.com/the-loon-clan/loon-site/web/handlers/views.go:523.2,523.59 1 1
github.com/the-loon-clan/loon-site/web/handlers/views.go:523.59,525.3 1 0
github.com/the-loon-clan/loon-site/web/handlers/views.go:529.2,529.53 1 1
github.com/the-loon-clan/loon-site/web/handlers/views.go:529.53,531.3 1 0
github.com/the-loon-clan/loon-site/web/handlers/views.go:543.2,543.61 1 1
github.com/the-loon-clan/loon-site/web/handlers/views.go:543.61,551.3 7 0
github.com/the-loon-clan/loon-site/web/handlers/views.go:553.2,553.46 1 1
github.com/the-loon-clan/loon-site/web/handlers/views.go:553.46,556.3 2 0
github.com/the-loon-clan/loon-site/web/handlers/views.go:559.2,559.46 1 1
github.com/the-loon-clan/loon-site/web/handlers/views.go:559.46,560.52 1 0
github.com/the-loon-clan/loon-site/web/handlers/views.go:560.52,562.4 1 0
github.com/the-loon-clan/loon-site/web/handlers/views.go:564.2,564.35 1 1
github.com/the-loon-clan/loon-site/web/handlers/views.go:583.78,584.17 1 1
github.com/the-loon-clan/loon-site/web/handlers/views.go:584.17,586.3 1 1
github.com/the-loon-clan/loon-site/web/handlers/views.go:587.2,601.41 5 1
github.com/the-loon-clan/loon-site/web/handlers/views.go:601.41,602.72 1 1
github.com/the-loon-clan/loon-site/web/handlers/views.go:602.72,604.4 1 0
github.com/the-loon-clan/loon-site/web/handlers/views.go:606.2,607.14 2 1
github.com/the-loon-clan/loon-site/web/handlers/views.go:607.14,623.22 4 1
github.com/the-loon-clan/loon-site/web/handlers/views.go:623.22,624.75 1 1
github.com/the-loon-clan/loon-site/web/handlers/views.go:624.75,627.5 2 1
github.com/the-loon-clan/loon-site/web/handlers/views.go:638.3,638.21 1 1
github.com/the-loon-clan/loon-site/web/handlers/views.go:638.21,639.87 1 1
github.com/the-loon-clan/loon-site/web/handlers/views.go:639.87,641.5 1 1
github.com/the-loon-clan/loon-site/web/handlers/views.go:643.3,643.21 1 1
github.com/the-loon-clan/loon-site/web/handlers/views.go:643.21,644.76 1 1
github.com/the-loon-clan/loon-site/web/handlers/views.go:644.76,647.5 2 1
github.com/the-loon-clan/loon-site/web/handlers/views.go:664.2,664.98 1 1
github.com/the-loon-clan/loon-site/web/handlers/views.go:664.98,666.3 1 0
github.com/the-loon-clan/loon-site/web/handlers/views.go:671.2,686.2 4 1
github.com/the-loon-clan/loon-site/web/handlers/views.go:686.2,689.20 3 1
github.com/the-loon-clan/loon-site/web/handlers/views.go:689.20,690.67 1 1
github.com/the-loon-clan/loon-site/web/handlers/views.go:690.67,692.5 1 0
github.com/the-loon-clan/loon-site/web/handlers/views.go:694.3,694.74 1 1
github.com/the-loon-clan/loon-site/web/handlers/views.go:708.2,727.26 4 1
github.com/the-loon-clan/loon-site/web/handlers/views.go:727.26,728.49 1 0
github.com/the-loon-clan/loon-site/web/handlers/views.go:728.49,729.86 1 0
github.com/the-loon-clan/loon-site/web/handlers/views.go:729.86,733.5 3 0
github.com/the-loon-clan/loon-site/web/handlers/views.go:736.2,738.13 3 1
github.com/the-loon-clan/loon-site/web/handlers/views.go:741.72,750.2 1 1
github.com/the-loon-clan/loon-site/web/handlers/views.go:759.90,762.14 3 1
github.com/the-loon-clan/loon-site/web/handlers/views.go:762.14,765.3 2 0
github.com/the-loon-clan/loon-site/web/handlers/views.go:766.2,766.20 1 1
github.com/the-loon-clan/loon-site/web/handlers/views.go:766.20,771.17 2 0
github.com/the-loon-clan/loon-site/web/handlers/views.go:771.17,774.4 2 0
github.com/the-loon-clan/loon-site/web/handlers/views.go:775.3,775.12 1 0
github.com/the-loon-clan/loon-site/web/handlers/views.go:777.2,779.71 3 1
github.com/the-loon-clan/loon-site/web/handlers/views.go:779.71,781.3 1 0
github.com/the-loon-clan/loon-site/web/handlers/views.go:836.56,838.38 2 1
github.com/the-loon-clan/loon-site/web/handlers/views.go:838.38,839.33 1 1
github.com/the-loon-clan/loon-site/web/handlers/views.go:839.33,841.4 1 1
github.com/the-loon-clan/loon-site/web/handlers/views.go:843.2,843.12 1 1
github.com/the-loon-clan/loon-site/web/handlers/views.go:860.36,870.41 4 1
github.com/the-loon-clan/loon-site/web/handlers/views.go:870.41,872.3 1 0
github.com/the-loon-clan/loon-site/web/handlers/views.go:874.2,877.21 3 1
github.com/the-loon-clan/loon-site/web/handlers/views.go:877.21,880.20 3 0
github.com/the-loon-clan/loon-site/web/handlers/views.go:880.20,883.4 2 0
github.com/the-loon-clan/loon-site/web/handlers/views.go:888.3,888.69 1 0
github.com/the-loon-clan/loon-site/web/handlers/views.go:888.69,890.4 1 0
github.com/the-loon-clan/loon-site/web/handlers/views.go:891.3,891.38 1 0
github.com/the-loon-clan/loon-site/web/handlers/views.go:891.38,893.23 2 0
github.com/the-loon-clan/loon-site/web/handlers/views.go:893.23,895.5 1 0
github.com/the-loon-clan/loon-site/web/handlers/views.go:903.2,903.22 1 1
github.com/the-loon-clan/loon-site/web/handlers/views.go:903.22,904.44 1 0
github.com/the-loon-clan/loon-site/web/handlers/views.go:904.44,906.4 1 0
github.com/the-loon-clan/loon-site/web/handlers/views.go:908.2,908.15 1 1
github.com/the-loon-clan/loon-site/web/handlers/views.go:908.15,910.3 1 0
github.com/the-loon-clan/loon-site/web/handlers/views.go:912.2,912.36 1 1
github.com/the-loon-clan/loon-site/web/handlers/views.go:912.36,913.26 1 0
github.com/the-loon-clan/loon-site/web/handlers/views.go:913.26,915.4 1 0
github.com/the-loon-clan/loon-site/web/handlers/views.go:916.3,916.26 1 0
github.com/the-loon-clan/loon-site/web/handlers/views.go:916.26,918.4 1 0
github.com/the-loon-clan/loon-site/web/handlers/views.go:928.2,928.48 1 1
github.com/the-loon-clan/loon-site/web/handlers/views.go:928.48,930.3 1 1
github.com/the-loon-clan/loon-site/web/handlers/views.go:936.2,937.32 2 1
github.com/the-loon-clan/loon-site/web/handlers/views.go:940.38,942.21 2 1
github.com/the-loon-clan/loon-site/web/handlers/views.go:942.21,943.66 1 0
github.com/the-loon-clan/loon-site/web/handlers/views.go:943.66,945.4 1 0
github.com/the-loon-clan/loon-site/web/handlers/views.go:947.2,947.34 1 1
github.com/the-loon-clan/loon-site/web/handlers/views.go:952.38,954.22 2 1
github.com/the-loon-clan/loon-site/web/handlers/views.go:954.22,958.3 3 1
github.com/the-loon-clan/loon-site/web/handlers/views.go:959.2,961.20 3 0
github.com/the-loon-clan/loon-site/web/handlers/views.go:961.20,962.54 1 0
github.com/the-loon-clan/loon-site/web/handlers/views.go:962.54,964.4 1 0
github.com/the-loon-clan/loon-site/web/handlers/views.go:965.3,966.9 2 0
github.com/the-loon-clan/loon-site/web/handlers/views.go:968.2,969.30 2 0
github.com/the-loon-clan/loon-site/web/handlers/views.go:969.30,974.3 2 0
github.com/the-loon-clan/loon-site/web/handlers/views.go:975.2,977.21 3 0
github.com/the-loon-clan/loon-site/web/handlers/views.go:977.21,978.99 1 0
github.com/the-loon-clan/loon-site/web/handlers/views.go:978.99,984.55 5 0
github.com/the-loon-clan/loon-site/web/handlers/views.go:984.55,986.5 1 0
github.com/the-loon-clan/loon-site/web/handlers/views.go:989.4,997.25 5 0
github.com/the-loon-clan/loon-site/web/handlers/views.go:1000.2,1000.34 1 0
github.com/the-loon-clan/loon-site/web/handlers/views.go:1006.64,1008.27 2 0
github.com/the-loon-clan/loon-site/web/handlers/views.go:1008.27,1009.22 1 0
github.com/the-loon-clan/loon-site/web/handlers/views.go:1009.22,1011.34 2 0
github.com/the-loon-clan/loon-site/web/handlers/views.go:1011.34,1013.5 1 0
github.com/the-loon-clan/loon-site/web/handlers/views.go:1014.4,1014.14 1 0
github.com/the-loon-clan/loon-site/web/handlers/views.go:1016.3,1016.33 1 0
github.com/the-loon-clan/loon-site/web/handlers/views.go:1016.33,1017.21 1 0
github.com/the-loon-clan/loon-site/web/handlers/views.go:1017.21,1019.5 1 0
github.com/the-loon-clan/loon-site/web/handlers/views.go:1022.2,1022.21 1 0
github.com/the-loon-clan/loon-site/web/handlers/views.go:1025.38,1034.21 4 1
github.com/the-loon-clan/loon-site/web/handlers/views.go:1034.21,1037.10 3 0
github.com/the-loon-clan/loon-site/web/handlers/views.go:1038.22,1039.74 1 0
github.com/the-loon-clan/loon-site/web/handlers/views.go:1040.16,1041.68 1 0
github.com/the-loon-clan/loon-site/web/handlers/views.go:1043.3,1043.17 1 0
github.com/the-loon-clan/loon-site/web/handlers/views.go:1043.17,1049.55 5 0
github.com/the-loon-clan/loon-site/web/handlers/views.go:1049.55,1051.5 1 0
github.com/the-loon-clan/loon-site/web/handlers/views.go:1054.4,1057.22 4 0
github.com/the-loon-clan/loon-site/web/handlers/views.go:1060.2,1060.34 1 1
github.com/the-loon-clan/loon-site/web/handlers/views.go:1064.48,1065.70 1 0
github.com/the-loon-clan/loon-site/web/handlers/views.go:1065.70,1067.40 2 0
github.com/the-loon-clan/loon-site/web/handlers/views.go:1067.40,1069.4 1 0
github.com/the-loon-clan/loon-site/web/handlers/views.go:1070.3,1070.17 1 0
github.com/the-loon-clan/loon-site/web/handlers/views.go:1070.17,1072.4 1 0
github.com/the-loon-clan/loon-site/web/handlers/views.go:1073.3,1073.25 1 0
github.com/the-loon-clan/loon-site/web/handlers/views.go:1075.2,1077.79 1 0
github.com/the-loon-clan/loon-site/web/handlers/views.go:1077.79,1079.41 2 0
github.com/the-loon-clan/loon-site/web/handlers/views.go:1079.41,1081.5 1 0
github.com/the-loon-clan/loon-site/web/handlers/views.go:1082.4,1082.18 1 0
github.com/the-loon-clan/loon-site/web/handlers/views.go:1082.18,1084.5 1 0
github.com/the-loon-clan/loon-site/web/handlers/views.go:1085.4,1085.26 1 0
github.com/the-loon-clan/loon-site/web/handlers/views.go:1087.70,1088.59 1 0
github.com/the-loon-clan/loon-site/web/handlers/views.go:1088.59,1090.5 1 0
github.com/the-loon-clan/loon-site/web/handlers/views.go:1091.4,1091.18 1 0
github.com/the-loon-clan/loon-site/web/handlers/views.go:1093.88,1095.27 2 0
github.com/the-loon-clan/loon-site/web/handlers/views.go:1095.27,1096.60 1 0
github.com/the-loon-clan/loon-site/web/handlers/views.go:1096.60,1098.6 1 0
github.com/the-loon-clan/loon-site/web/handlers/views.go:1100.4,1100.19 1 0
github.com/the-loon-clan/loon-site/web/handlers/views.go:1116.89,1118.19 2 0
github.com/the-loon-clan/loon-site/web/handlers/views.go:1118.19,1120.3 1 0
github.com/the-loon-clan/loon-site/web/handlers/views.go:1121.2,1122.25 2 0
github.com/the-loon-clan/loon-site/web/handlers/views.go:1122.25,1124.3 1 0
github.com/the-loon-clan/loon-site/web/handlers/views.go:1125.2,1126.25 2 0
github.com/the-loon-clan/loon-site/web/handlers/views.go:1126.25,1128.10 2 0
github.com/the-loon-clan/loon-site/web/handlers/views.go:1128.10,1129.12 1 0
github.com/the-loon-clan/loon-site/web/handlers/views.go:1131.3,1133.24 3 0
github.com/the-loon-clan/loon-site/web/handlers/views.go:1133.24,1134.9 1 0
github.com/the-loon-clan/loon-site/web/handlers/views.go:1137.2,1137.12 1 0
github.com/the-loon-clan/loon-site/web/handlers/views.go:1143.32,1144.14 1 1
github.com/the-loon-clan/loon-site/web/handlers/views.go:1144.14,1146.3 1 1
github.com/the-loon-clan/loon-site/web/handlers/views.go:1147.2,1148.16 2 1
github.com/the-loon-clan/loon-site/web/handlers/widgets_web.go:51.57,52.34 1 0
github.com/the-loon-clan/loon-site/web/handlers/widgets_web.go:52.34,53.19 1 0
github.com/the-loon-clan/loon-site/web/handlers/widgets_web.go:53.19,55.4 1 0
github.com/the-loon-clan/loon-site/web/handlers/widgets_web.go:57.2,57.30 1 0
github.com/the-loon-clan/loon-site/web/handlers/widgets_web.go:87.76,88.19 1 1
github.com/the-loon-clan/loon-site/web/handlers/widgets_web.go:88.19,90.3 1 0
github.com/the-loon-clan/loon-site/web/handlers/widgets_web.go:91.2,91.86 1 1
github.com/the-loon-clan/loon-site/web/handlers/widgets_web.go:100.92,109.43 1 1
github.com/the-loon-clan/loon-site/web/handlers/widgets_web.go:109.43,111.3 1 1
github.com/the-loon-clan/loon-site/web/handlers/widgets_web.go:112.2,113.19 2 1
github.com/the-loon-clan/loon-site/web/handlers/widgets_web.go:113.19,115.3 1 1
github.com/the-loon-clan/loon-site/web/handlers/widgets_web.go:116.2,117.33 2 0
github.com/the-loon-clan/loon-site/web/handlers/widgets_web.go:117.33,119.25 2 0
github.com/the-loon-clan/loon-site/web/handlers/widgets_web.go:119.25,120.12 1 0
github.com/the-loon-clan/loon-site/web/handlers/widgets_web.go:122.3,122.17 1 0
github.com/the-loon-clan/loon-site/web/handlers/widgets_web.go:122.17,124.4 1 0
github.com/the-loon-clan/loon-site/web/handlers/widgets_web.go:125.3,125.25 1 0
github.com/the-loon-clan/loon-site/web/handlers/widgets_web.go:127.2,127.12 1 0
github.com/the-loon-clan/loon-site/web/handlers/widgets_web.go:131.114,132.41 1 1
github.com/the-loon-clan/loon-site/web/handlers/widgets_web.go:132.41,134.3 1 1
github.com/the-loon-clan/loon-site/web/handlers/widgets_web.go:135.2,137.31 3 0
github.com/the-loon-clan/loon-site/web/handlers/widgets_web.go:137.31,138.17 1 0
github.com/the-loon-clan/loon-site/web/handlers/widgets_web.go:138.17,139.12 1 0
github.com/the-loon-clan/loon-site/web/handlers/widgets_web.go:141.3,142.70 2 0
github.com/the-loon-clan/loon-site/web/handlers/widgets_web.go:142.70,143.12 1 0
github.com/the-loon-clan/loon-site/web/handlers/widgets_web.go:147.3,149.58 3 0
github.com/the-loon-clan/loon-site/web/handlers/widgets_web.go:149.58,150.12 1 0
github.com/the-loon-clan/loon-site/web/handlers/widgets_web.go:152.3,152.88 1 0
github.com/the-loon-clan/loon-site/web/handlers/widgets_web.go:154.2,154.12 1 0
github.com/the-loon-clan/loon-site/web/handlers/widgets_web.go:159.82,160.17 1 0
github.com/the-loon-clan/loon-site/web/handlers/widgets_web.go:160.17,162.3 1 0
github.com/the-loon-clan/loon-site/web/handlers/widgets_web.go:163.2,164.55 2 0
github.com/the-loon-clan/loon-site/web/handlers/widgets_web.go:164.55,166.3 1 0
github.com/the-loon-clan/loon-site/web/handlers/widgets_web.go:167.2,168.45 2 0
github.com/the-loon-clan/loon-site/web/handlers/widgets_web.go:168.45,169.52 1 0
github.com/the-loon-clan/loon-site/web/handlers/widgets_web.go:169.52,171.4 1 0
github.com/the-loon-clan/loon-site/web/handlers/widgets_web.go:173.2,173.44 1 0
github.com/the-loon-clan/loon-site/web/handlers/widgets_web.go:173.44,173.82 1 0
github.com/the-loon-clan/loon-site/web/handlers/widgets_web.go:174.2,174.12 1 0
github.com/the-loon-clan/loon-site/web/handlers/widgetsadmin_web.go:23.48,25.64 2 0
github.com/the-loon-clan/loon-site/web/handlers/widgetsadmin_web.go:25.64,29.3 1 0
github.com/the-loon-clan/loon-site/web/handlers/widgetsadmin_web.go:30.2,47.55 4 0
github.com/the-loon-clan/loon-site/web/handlers/widgetsadmin_web.go:47.55,50.53 2 0
github.com/the-loon-clan/loon-site/web/handlers/widgetsadmin_web.go:50.53,53.4 2 0
github.com/the-loon-clan/loon-site/web/handlers/widgetsadmin_web.go:54.3,54.30 1 0
github.com/the-loon-clan/loon-site/web/handlers/widgetsadmin_web.go:57.2,63.4 1 0
github.com/the-loon-clan/loon-site/web/handlers/widgetsadmin_web.go:72.50,75.64 3 0
github.com/the-loon-clan/loon-site/web/handlers/widgetsadmin_web.go:75.64,78.3 2 0
github.com/the-loon-clan/loon-site/web/handlers/widgetsadmin_web.go:79.2,82.19 3 0
github.com/the-loon-clan/loon-site/web/handlers/widgetsadmin_web.go:83.13,86.51 1 0
github.com/the-loon-clan/loon-site/web/handlers/widgetsadmin_web.go:86.51,87.9 1 0
github.com/the-loon-clan/loon-site/web/handlers/widgetsadmin_web.go:92.3,92.44 1 0
github.com/the-loon-clan/loon-site/web/handlers/widgetsadmin_web.go:93.16,94.45 1 0
github.com/the-loon-clan/loon-site/web/handlers/widgetsadmin_web.go:95.16,98.45 1 0
github.com/the-loon-clan/loon-site/web/handlers/widgetsadmin_web.go:99.19,105.59 1 0
github.com/the-loon-clan/loon-site/web/handlers/widgetsadmin_web.go:106.14,107.36 1 0
github.com/the-loon-clan/loon-site/web/handlers/widgetsadmin_web.go:107.36,109.4 1 0
github.com/the-loon-clan/loon-site/web/handlers/widgetsadmin_web.go:111.2,111.66 1 0
github.com/the-loon-clan/loon-site/web/handlers/widgetsadmin_web.go:121.74,125.25 4 0
github.com/the-loon-clan/loon-site/web/handlers/widgetsadmin_web.go:125.25,126.21 1 0
github.com/the-loon-clan/loon-site/web/handlers/widgetsadmin_web.go:126.21,128.9 2 0
github.com/the-loon-clan/loon-site/web/handlers/widgetsadmin_web.go:131.2,131.13 1 0
github.com/the-loon-clan/loon-site/web/handlers/widgetsadmin_web.go:131.13,133.3 1 0
github.com/the-loon-clan/loon-site/web/handlers/widgetsadmin_web.go:134.2,135.39 2 0
github.com/the-loon-clan/loon-site/web/handlers/widgetsadmin_web.go:135.39,137.3 1 0
github.com/the-loon-clan/loon-site/web/handlers/widgetsadmin_web.go:138.2,140.25 3 0
github.com/the-loon-clan/loon-site/web/handlers/widgetsadmin_web.go:140.25,142.3 1 0
github.com/the-loon-clan/loon-site/web/handlers/widgetsadmin_web.go:143.2,143.47 1 0
github.com/the-loon-clan/loon-site/web/handlers/widgetsbuiltin_web.go:33.52,37.29 1 0
github.com/the-loon-clan/loon-site/web/handlers/widgetsbuiltin_web.go:37.29,38.45 1 0
github.com/the-loon-clan/loon-site/web/handlers/widgetsbuiltin_web.go:38.45,40.4 1 0
github.com/the-loon-clan/loon-site/web/handlers/widgetsbuiltin_web.go:58.2,66.56 1 0
github.com/the-loon-clan/loon-site/web/handlers/widgetsbuiltin_web.go:66.56,72.17 2 0
github.com/the-loon-clan/loon-site/web/handlers/widgetsbuiltin_web.go:72.17,74.5 1 0
github.com/the-loon-clan/loon-site/web/handlers/widgetsbuiltin_web.go:75.4,75.36 1 0
github.com/the-loon-clan/loon-site/web/handlers/widgetsbuiltin_web.go:80.2,86.56 1 0
github.com/the-loon-clan/loon-site/web/handlers/widgetsbuiltin_web.go:86.56,87.23 1 0
github.com/the-loon-clan/loon-site/web/handlers/widgetsbuiltin_web.go:87.23,89.5 1 0
github.com/the-loon-clan/loon-site/web/handlers/widgetsbuiltin_web.go:90.4,91.37 2 0
github.com/the-loon-clan/loon-site/web/handlers/widgetsbuiltin_web.go:91.37,93.5 1 0
github.com/the-loon-clan/loon-site/web/handlers/widgetsbuiltin_web.go:94.4,99.46 1 0
github.com/the-loon-clan/loon-site/web/handlers/wiki_web.go:42.69,43.37 1 0
github.com/the-loon-clan/loon-site/web/handlers/wiki_web.go:43.37,44.46 1 0
github.com/the-loon-clan/loon-site/web/handlers/wiki_web.go:44.46,46.4 1 0
github.com/the-loon-clan/loon-site/web/handlers/wiki_web.go:51.2,51.55 1 0
github.com/the-loon-clan/loon-site/web/handlers/wiki_web.go:51.55,53.3 1 0
github.com/the-loon-clan/loon-site/web/handlers/wiki_web.go:54.2,65.83 2 0
github.com/the-loon-clan/loon-site/web/handlers/wiki_web.go:65.83,68.4 1 0
github.com/the-loon-clan/loon-site/web/handlers/wiki_web.go:72.2,72.12 1 0
github.com/the-loon-clan/loon-site/web/handlers/wishlist_web.go:49.44,51.9 2 1
github.com/the-loon-clan/loon-site/web/handlers/wishlist_web.go:51.9,53.3 1 0
github.com/the-loon-clan/loon-site/web/handlers/wishlist_web.go:54.2,65.4 3 1
github.com/the-loon-clan/loon-site/web/handlers/wishlist_web.go:69.43,71.9 2 0
github.com/the-loon-clan/loon-site/web/handlers/wishlist_web.go:71.9,73.3 1 0
github.com/the-loon-clan/loon-site/web/handlers/wishlist_web.go:74.2,79.46 3 0
github.com/the-loon-clan/loon-site/web/handlers/wishlist_web.go:79.46,82.3 2 0
github.com/the-loon-clan/loon-site/web/handlers/wishlist_web.go:83.2,84.54 2 0
github.com/the-loon-clan/loon-site/web/handlers/wishlist_web.go:84.54,88.3 2 0
github.com/the-loon-clan/loon-site/web/handlers/wishlist_web.go:89.2,89.63 1 0
github.com/the-loon-clan/loon-site/web/handlers/wishlist_web.go:89.63,93.3 3 0
github.com/the-loon-clan/loon-site/web/handlers/wishlist_web.go:94.2,94.46 1 0
github.com/the-loon-clan/loon-site/web/handlers/wishlist_web.go:102.46,104.9 2 0
github.com/the-loon-clan/loon-site/web/handlers/wishlist_web.go:104.9,106.3 1 0
github.com/the-loon-clan/loon-site/web/handlers/wishlist_web.go:107.2,108.27 2 0
github.com/the-loon-clan/loon-site/web/handlers/wishlist_web.go:108.27,111.3 2 0
github.com/the-loon-clan/loon-site/web/handlers/wishlist_web.go:112.2,117.20 4 0
github.com/the-loon-clan/loon-site/web/handlers/wishlist_web.go:118.16,119.42 1 0
github.com/the-loon-clan/loon-site/web/handlers/wishlist_web.go:120.16,121.42 1 0
github.com/the-loon-clan/loon-site/web/handlers/wishlist_web.go:122.10,123.40 1 0
github.com/the-loon-clan/loon-site/web/handlers/wishlist_web.go:125.2,125.17 1 0
github.com/the-loon-clan/loon-site/web/handlers/wishlist_web.go:125.17,127.3 1 0
github.com/the-loon-clan/loon-site/web/handlers/wishlist_web.go:128.2,129.13 2 0
github.com/the-loon-clan/loon-site/web/handlers/wishlist_web.go:129.13,131.3 1 0
github.com/the-loon-clan/loon-site/web/handlers/wishlist_web.go:132.2,132.39 1 0
